Omr_stn	Omr	stn	Lnr	Northing	Easting	Top	Akvifertyp	Geohylag	Jordart	Taeckt	Bergart	MagasinStl
16_26	16	26	2	6515110	459703	09ESV	JÖ	Vatdelläge	MN	XX	GRA	
72_105	72	105	3	6241274	522302	03FNV	KÖ	Intermed omr	MN	XX	GRA	
72_101	72	101	2	6241126	521874	03FNV	KÖ	Vatdelläge	MN	XX	GRA	Liten
74_1	74	1	2	6393889	426259	06DNO	JÖ	Instromr	MN	XX	GNE	Liten
75_5	75	5	1	6581847	596392	10GNO	BS	Intermed omr	MN	XX	GNE	Liten
75_4	75	4	1	6580033	596044	10GNO	JÖ	Instromr	GR	XX	GNE	
80_1	80	1	1	7073683	406320	20DSV	JÖ		MN	XX	FJ?	Liten
80_2	80	2	1	7069316	402456	20DSV	JÖ		MN	XX	FJ?	
83_2	83	2	1	7313933	501471	25FSV	JÖ			XX	GLS	Liten
84_13	84	13	1	6374683	549540	06GNV						
84_11	84	11	1	6374958	549187	06GNV						Stor
84_105	84	105	2	6402210	535780	07FSO	JÖ	Intermed omr	SA	XX	GRA	
84_12	84	12	1	6374771	549409	06GNV						
84_14	84	14	1	6374735	549739	06GNV						
84_15	84	15	1	6374587	549911	06GNV						
84_18	84	18	1	6374558	549591	06GNV						
84_41	84	41	1	6406354	543795	07FSO	KÖ	Instromr	MN	XX	GNE	
84_42	84	42	1	6406457	544014	07FSO	KÖ	Instromr	MN	XX	GNE	
84_52	84	52	1	6349960	538537	06FSO	JÖ	Instromr	MN	XX	GNE	
84_53	84	53	1	6349800	538558	06FSO	JÖ	Instromr	MN	XX	GNE	
84_54	84	54	1	6349591	538671	06FSO	JÖ	Instromr	SA	XX	GNE	
84_55	84	55	1	6348963	538748	06FSO	JÖ	Instromr	SA	XX	GNE	
84_101	84	101	2	6402396	535639	07FSO	BÖ	Instromr	MN	XX	GRA	Liten
84_102	84	102	2	6402355	535726	07FSO	JÖ	Instromr	GR	XX	GRA	
84_103	84	103	2	6402365	535766	07FSO	JÖ	Instromr	GR	XX	GRA	Liten
84_104	84	104	2	6402218	535679	07FSO	BÖ	Instromr	MN	XX	GRA	
84_106	84	106	2	6402212	535845	07FSO	JÖ	Utstromr	SA	XX	GRA	
84_51	84	51	1	6350030	538556	06FSO	JÖ	Instromr	MN	XX	GNE	
85_101	85	101	1	6283434	368684	04CNV						
85_102	85	102	1	6301156	378377	05CSO						
87_1	87	1	1	6478576	747542	08KNV	JÖ	Instromr	SA	XX	KST	Stor
87_2	87	2	1	6479518	745171	08JNO	JÖ	Instromr	SA	XX	KST	
89_7	89	7	3	6609471	524461	11FSO	JÖ	Intermed omr	MN	XX	GRA	Liten
89_5	89	5	3	6609464	524357	11FSO	JÖ	Vatdelläge	MN	XX	GRA	Liten
89_2	89	2	3	6609346	524379	11FSO	JÖ	Instromr	MN	XX	GRA	
89_3	89	3	3	6609346	524379	11FSO	JÖ	Instromr	MN	XX	GRA	
89_4	89	4	3	6609356	524429	11FSO	JÖ	Vatdelläge	MN	XX	GRA	
89_6	89	6	3	6609476	524412	11FSO	JÖ	Instromr	MN	XX	GRA	Liten
93_1	93	1	1	6842957	629914	15HNO	JÖ	Utstromr	MN			
95_2	95	2	1	6631576	656190	11INV	JS	Utstromr	MN	L		Liten
96_2	96	2	1	6572639	701568	10JSV	BS	Utstromr	MN	MN		
96_1	96	1	1	6573638	701547	10JSV	BÖ	Instromr				
97_1	97	1	1	6691911	637579		JÖ		L	LE		
98_3	98	3	1	6633345	696052	11JNV	JÖ	Instromr	GR	XX		
98_4	98	4	1	6637112	699357	11JNV	JÖ	Instromr	SA	XX		
98_1	98	1	1	6622064	692146	11ISO	JÖ	Instromr	SA	XX		
98_2	98	2	1	6622207	692987	11ISO	JS	Instromr	SA	LE		
50_6	50	6	1	6748910	463864	14ESV	JÖ	Instromr	GR	XX	POR	Stor
50_12	50	12	1	6749506	465412	14ESV	JÖ	Instromr	MN	XX	POR	
50_8	50	8	1	6749645	466529	14ESV	JÖ	Instromr	MN	XX	POR	
50_13	50	13	1	6749615	465385	14ESV	JÖ	Instromr	MN	XX	POR	
50_11	50	11	1	6749570	465392	14ESV	JÖ	Instromr	MN	XX	POR	Liten
52_2	52	2	1	6383865	321834	06BNV	JÖ	Instromr	MN	XX	GNE	Liten
52_8	52	8	1	6381140	321816	06BNV	JS	Utstromr	MN	LE	GNE	
52_9	52	9	1	6380712	322138	06BNV	JS	Utstromr	MN	TO	GNE	
52_13	52	13	1	6382779	320343	06BNV	JS	Intermed omr	MN	LE	GNE	
52_14	52	14	2	6383054	321747	06BNV	JS	Intermed omr	MN	LE	GNE	
52_11	52	11	1	6383050	321449	06BNV	JS	Utstromr	MN	LE	GNE	
53_1	53	1	1	6412934	313065	07BSV	JS	Utstromr	MN	LE	GNE	
64_2	64	2	2	6489197	581769	08GNO	JS	Instromr	MN	LV	GNE	Liten
65_2	65	2	1	6479604	547822	08GNV	JS	Intermed omr	MN	TO	GRA	
65_1	65	1	1	6479887	547417	08GNV	JS	Intermed omr	MN	LV	GRA	
65_5	65	5	1	6475075	549191	08GNV	JÖ	Instromr	MN	XX	GRA	Liten
66_3	66	3	1	6427226	533223	07FNO	JÖ	Instromr	MN	XX	GRA	Liten
66_1	66	1	1	6426974	535147	07FNO	JÖ	Instromr	MN	XX	GRA	
66_8	66	8	1	6425394	530318	07FNO	JÖ	Intermed omr	SA	XX	GRA	
66_5	66	5	1	6427769	530344	07FNO	JÖ	Instromr	SA	XX	GRA	Stor
66_6	66	6	1	6426541	530155	07FNO	JÖ	Instromr	MN	SA	GRA	
66_4	66	4	1	6426997	531533	07FNO	JÖ	Intermed omr	MN	XX	GRA	
68_7	68	7	2	6875987	465665	16ENV	JÖ	Instromr	MN	XX	GRA	
68_2	68	2	2	6865567	456418	16ESV	JÖ	Instromr	SA	XX	GRA	Stor
68_3	68	3	1	6866565	456892	16ESV	JÖ	Instromr	SA	XX	GRA	
68_5	68	5	1	6874128	461007	16ENV	JÖ	Instromr	MN	XX	GRA	Liten
68_4	68	4	1	6867469	458384	16ESV	JÖ	Instromr	MN	XX	GRA	
69_2	69	2	1	6476575	295549	08ANO	JS	Instromr	LE	XX	GRA	Liten
69_3	69	3	1	6476669	296492	08ANO	JS	Instromr	LE	XX	GRA	
70_104	70	104	2	6543368	312929	09BNV	JÖ	Instromr	MN	XX	GNE	Liten
70_5	70	5	1	6522637	335091	09BNO	JÖ	Instromr	SA	XX	GNE	
70_7	70	7	1	6522351	334548	09BNO	JÖ	Instromr	SA	XX	GNE	
70_9	70	9	3	6524200	334890	09BNO	JÖ	Instromr	SA	XX	GNE	Stor
70_10	70	10	1	6525510	335786	09BNO	JÖ	Instromr	SA	XX	GNE	
70_102	70	102	1	6543486	313121	09BNV	JÖ	Intermed omr	GR	XX	GNE	Stor
70_103	70	103	2	6543417	313183	09BNV	JÖ	Instromr	GR	XX	GNE	
71_3	71	3	1	6563439	335635	10BSO	JÖ	Instromr	MN	XX	GRA	
71_4	71	4	1	6564016	336190	10BSO	JÖ	Instromr	MN	XX	GRA	
71_2	71	2	1	6563387	335182	10BSO	JÖ	Instromr	MN	XX	GRA	Liten
71_1	71	1	1	6562793	335340	10BSO	JÖ	Instromr	MN	XX	GRA	
72_102	72	102	2	6241153	522174	03FNV	JÖ	Utstromr	MN	XX	GRA	Liten
72_103	72	103	2	6241153	522174	03FNV	KÖ	Utstromr	MN	XX	GRA	
72_3	72	3	1	6225078	520210	03FNV	JÖ	Instromr	SA	XX	GNE	Stor
72_20	72	20	1	6224984	520094	03FNV	JÖ	Vatdelläge	MN	XX	GNE	
72_21	72	21	1	6224799	520516	03FNV	JÖ	Instromr	MN	XX	GNE	
72_22	72	22	1	6224831	520635	03FNV	JÖ	Instromr	MN	XX	GNE	
72_24	72	24	1	6225525	521067	03FNV	JÖ	Instromr	MN	XX	GNE	
72_25	72	25	1	6225546	521127	03FNV	JÖ	Vatdelläge	MN	XX	GNE	
72_26	72	26	1	6225547	521217	03FNV	JÖ	Instromr	MN	XX	GNE	
72_104	72	104	3	6241274	522302	03FNV	KÖ	Intermed omr	MN	XX	GRA	
53_3	53	3	1	6412868	312037	07BSV	JS	Intermed omr	MN	LE	GNE	
53_5	53	5	1	6413901	312015	07BSV	JS	Intermed omr	MN	LE	GNE	
53_6	53	6	3	6413746	311057	07BSV	JS	Intermed omr	MN	LE	GNE	
53_7	53	7	1	6413146	310619	07BSV	JS	Utstromr	MN	LE	GNE	
53_11	53	11	1	6415101	308791	07BSV	JS	Intermed omr	MN	LE	GNE	Liten
53_15	53	15	1	6438469	304120	07BNV	JS	Utstromr	L	LE	GNE	
54_1	54	1	1	6406760	345462	07BSO	JÖ	Vatdelläge	GR	XX	GNE	
54_3	54	3	1	6405380	347473	07BSO	JS	Utstromr	MN	TO	GNE	
54_5	54	5	2	6406839	346941	07BSO	JS	Utstromr	MN	TO	GNE	
54_6	54	6	1	6408039	347143	07BSO	JS	Utstromr	GR	TO	GNE	
54_8	54	8	1	6408040	347602	07BSO	JS	Utstromr	MN	TO	GNE	
54_9	54	9	1	6407398	347705	07BSO	JS	Utstromr	MN	TO	GNE	
54_10	54	10	1	6406650	347910	07BSO	JÖ	Instromr	MN	XX	GNE	Liten
54_14	54	14	1	6405828	348350	07CSV	JÖ	Instromr	SA	XX	GNE	
55_3	55	3	1	6587850	683712	10INO	JS	Intermed omr	MN	LV	GNE	
55_8	55	8	1	6589697	680649	10INO	JS	Intermed omr	MN	LV	GRA	
55_9	55	9	1	6590387	680007	10INO	JS	Instromr	MN	LV	GRA	
55_11	55	11	2	6590478	681272	10INO	JS	Utstromr	MN	LV	GRA	
55_12	55	12	1	6589841	681572	10INO	JS	Instromr	MN	LV	GRA	Liten
55_24	55	24	1	6591208	680225	10INO	JÖ	Instromr	MN	XX	GRA	
55_7	55	7	2	6589084	679825	10INO	JS	Intermed omr	MN	LV	GNE	
55_13	55	13	2	6589479	682577	10INO	JS	Intermed omr	MN	LV	GRA	
55_17	55	17	2	6589696	684253	10INO	JS	Intermed omr	MN	LV	GRA	
55_5	55	5	1	6588641	681498	10INO	JS	Intermed omr	MN	LV	GNE	
55_1	55	1	1	6588338	685804	10INO	JS	Intermed omr	MN	LV	GNE	
55_14	55	14	1	6590140	683146	10INO	JS	Utstromr	MN	LV	GRA	
56_3	56	3	1	6553639	677346	10ISO	JS	Intermed omr	MN	LV	GNE	
56_4	56	4	1	6554047	677552	10ISO	JS	Intermed omr	MN	LV	GRA	
57_1	57	1	1	6571565	648677	10ISV	JS	Intermed omr	MN	LV	GNE	Liten
58_1	58	1	2	6743776	581927	13GNO	JÖ	Instromr	SA	XX	GRA	Stor
58_2	58	2	1	6743440	581644	13GNO	JÖ	Instromr	SA	XX	GRA	
58_5	58	5	1	6742833	579782	13GNO	JÖ		MN			
60_10	60	10	4	6474552	507975	08FNV	BS	Instromr	MN	LE	SST	
60_11	60	11	3	6474546	507969	08FNV	JS	Instromr	MN	L	SST	
60_12	60	12	3	6474546	507975	08FNV	JÖ	Instromr	L	XX	SST	
60_14	60	14	1	6474812	507948	08FNV	JS	Intermed omr	MN	LV	SST	
60_15	60	15	3	6474780	507947	08FNV	JS	Intermed omr	LV	XX	SST	
60_30	60	30	1	6477804	507249	08FNV	JÖ	Instromr	SA	XX	LSK	
60_32	60	32	1	6478229	507250	08FNV	JÖ	Instromr	SA	XX	LSK	Stor
60_34	60	34	1	6476953	506556	08FNV	JÖ	Instromr	SA	XX	LSK	
60_41	60	41	1	6482555	510527	08FNV	JÖ	Intermed omr	MN	XX	KST	
60_42	60	42	1	6482518	510530	08FNV	JÖ	Instromr	MN	XX	KST	Liten
60_43	60	43	1	6482536	510520	08FNV	BS	Instromr	MN	XX	LSK	
60_44	60	44	1	6482543	510501	08FNV	JÖ	Intermed omr	MN	XX	KST	
60_45	60	45	1	6483392	510560	08FNV	JÖ	Instromr	MN	XX	KST	
60_46	60	46	1	6484030	511110	08FNV	JÖ	Instromr	MN	XX	KST	Liten
60_70	60	70	1	6475925	496948	08ENO	BS	Instromr	MN	XX	KRI	
60_71	60	71	1	6476608	495602	08ENO	BS	Instromr	MN	XX	KRI	
60_40	60	40	3	6482562	510514	08FNV	BS	Instromr	MN	XX	KST	
60_31	60	31	3	6477836	507243	08FNV	JÖ	Instromr	SA	XX	LSK	Stor
62_3	62	3	1	7398513	712625	26INO	JÖ	Instromr	MN	XX	GRA	Liten
62_101	62	101	1	7396650	708323	26JNV	JÖ	Instromr	MN	XX	GNE	
64_1	64	1	1	6490169	581695	08GNO	JÖ	Instromr	MN	XX	GNE	
64_6	64	6	1	6486888	583381	08GNO	JÖ	Instromr	MN	XX	GNE	
64_5	64	5	1	6490300	586158	08GNO	JS	Instromr	MN	LV	GNE	
26_14	26	14	1	6952407	562076	18GSV	JÖ	Instromr	MN	XX	GRA	
26_24	26	24	2	6954161	564022	18GSV	BÖ	Instromr	MN	XX	GRA	Liten
26_28	26	28	1	6954418	563469	18GSV	JS	Instromr	MN	SI	GRA	
26_9	26	9	1	6954791	562181	18GSV	JÖ	Utstromr	SA	TO	GRA	
26_29	26	29	1	6954845	562002	18GSV	JÖ	Instromr	MN	SA	GRA	
26_7	26	7	3	6954239	563893	18GSV	JÖ	Instromr	MN	SI	GRA	Liten
27_10	27	10	1	7016938	358657	19CSV	JÖ	Instromr	SA	XX	KVT	
28_6	28	6	1	7021399	355682	19CNV	JÖ	Instromr	MN	TO	SKI	
28_7	28	7	1	7021572	355960	19CNV	JÖ		MN	TO	SKI	
28_8	28	8	1	7021872	355956	19CNV	JÖ		MN	TO	SKI	
29_3	29	3	1	7021358	459323	19ESV	JÖ	Instromr	SA	XX	ASK	Stor
29_5	29	5	1	7020633	458786	19ESV	JÖ	Intermed omr	SA	XX	ASK	
29_6	29	6	1	7020673	459428	19ESV	JÖ	Vatdelläge	MN	XX	ASK	
29_9	29	9	1	7021132	457641	19ESV	JX				ASK	Liten
29_10	29	10	1	7021175	456321	19ESV	JX				ASK	
29_1	29	1	1	7021071	459232	19ESV	JÖ	Instromr	SA	XX	ASK	
30_1	30	1	2	6994134	601849	18HNV	JÖ	Instromr	SA	XX	GNE	
30_3	30	3	1	6994033	601889	18HNV	JÖ	Instromr	SA	XX	GNE	Stor
32_20	32	20	1	7099822	608788	21HSV	JÖ	Instromr	MN	XX	GRA	
32_22	32	22	1	7099401	607146	21HSV	JÖ	Vatdelläge	MN	XX	GRA	Liten
32_16	32	16	1	7089229	614680	20HNO	JÖ	Instromr	SA	XX	GRA	Stor
33_4	33	4	1	7109772	768314	21KSO	JÖ	Instromr	S	SA	GNE	Stor
33_5	33	5	2	7109819	768423	21KSO	JÖ	Instromr	S	SA	GNE	
33_101	33	101	1	7134159	731513	21JNO	JÖ	Vatdelläge	MN	XX	GNE	Liten
33_103	33	103	3	7134140	731485	21JNO	JÖ	Instromr	MN	XX	GNE	Liten
33_104	33	104	3	7134147	731458	21JNO	JÖ	Intermed omr	MN	XX	GNE	Liten
33_105	33	105	3	7133700	731229	21JNO	JÖ	Instromr	GR	XX	GNE	
33_201	33	201	3	7125734	722051	21JNO	JÖ	Instromr	MN	XX	GNE	
33_202	33	202	3	7125790	722077	21JNO	JÖ	Instromr	MN	XX	GNE	Liten
34_4	34	4	3	7210755	783171	23KSO	JÖ	Instromr	SA	XX	GRA	Stor
34_6	34	6	1	7210733	783419	23KSO	JÖ	Instromr	SA	XX	GRA	
34_10	34	10	2	7210768	784086	23KSO	JÖ	Instromr	SA	XX	GRA	
34_12	34	12	1	7212367	781472	23KSO	JÖ	Vatdelläge	SA	XX	GRA	Liten
35_2	35	2	2	7289686	826730	24LNO	JÖ	Vatdelläge	SA	XX	GRA	
35_5	35	5	1	7289217	827385	24LNO	JÖ	Instromr	SA	XX	GRA	Stor
37_1	37	1	1	7378589	793593	26LNV	JÖ	Instromr	MN	XX	GRA	Liten
37_2	37	2	1	7378551	793612	26LNV	JÖ	Instromr	MN	XX	GRA	
37_10	37	10	1	7393292	788420	26LNV	JÖ	Vatdelläge	MN	XX	GNE	
37_12	37	12	1	7389370	793402	26LNV	JÖ	Instromr	MN	XX	GNE	
37_18	37	18	1	7381451	802057	26LNV	JÖ	Instromr	MN	XX	GRA	
37_32	37	32	2	7378552	793482	26LNV	BÖ	Instromr	XX	XX	GRA	Liten
37_34	37	34	2	7382695	800672	26LNV	JÖ	Vatdelläge	MN	XX	GRA	
37_45	37	45	2	7398476	784736	26KNO	JÖ	Instromr	SA	XX	GNE	Stor
37_46	37	46	1	7390767	791247	26LNV	JÖ	Vatdelläge	MN	XX	GNE	
37_48	37	48	1	7376518	806253	26LNV	JÖ	Vatdelläge	MN	XX	GRA	
37_49	37	49	2	7372887	807760	26LSV	JÖ	Instromr	MN	XX	GRA	
37_50	37	50	1	7367787	807715	26LSV	JÖ	Instromr	SA	XX	GRA	
37_14	37	14	1	7382499	798739	26LNV	JÖ	Instromr	MN	XX	GRA	
38_1	38	1	2	7518370	754407	29KSV	JÖ	Instromr	GR	XX	GR?	Liten
38_3	38	3	1	7518245	754082	29KSV	JÖ	Instromr	GR	XX	GR?	
38_6	38	6	2	7518353	754166	29KSV	JÖ	Instromr	GR	XX	GR?	Stor
38_7	38	7	3	7518257	754248	29KSV	JÖ	Instromr	GR	XX	GR?	
38_9	38	9	1	7518162	754234	29KSV	JÖ	Instromr	GR	XX	GR?	
38_10	38	10	2	7518087	753935	29KSV	JÖ	Instromr	GR	XX	GR?	
39_1	39	1	3	7587225	656982	30INO	JÖ	Instromr	MN	XX	HSK	
39_5	39	5	1	7587335	657010	30INV	JÖ	Instromr	MN	XX	HSK	
39_8	39	8	1	7587355	657106	30INV	JÖ	Instromr	MN	XX	HSK	
39_10	39	10	1	7586975	657088	30INV	JÖ	Instromr	MN	XX	HSK	Liten
41_1	41	1	2	6138150	448946	01DNO	JÖ	Instromr	SA	XX	LSK	Liten
41_2	41	2	1	6138689	448469	01DNO	JÖ	Instromr	SA	XX	LSK	
41_5	41	5	2	6141672	446067	01DNO	JS	Instromr	ML	XX	LSK	Liten
41_6	41	6	1	6142852	445672	01DNO	JÖ	Vatdelläge	ML	XX	LSK	Liten
41_7	41	7	1	6138866	445401	01DNO	JÖ	Instromr	SA	XX	LSK	Stor
42_1	42	1	1	7323905	641950	25ISV	JÖ	Intermed omr	MN	S	GRA	
42_2	42	2	1	7323626	642005	25ISV	JÖ	Intermed omr	MN	SA	GRA	
42_3	42	3	2	7323384	641958	25ISV	JÖ	Instromr	SA	XX	GRA	
42_5	42	5	1	7323120	641288	25ISV	JÖ	Instromr	SA	S	GRA	
42_8	42	8	1	7321754	640877	25ISV	JÖ	Instromr	MN	XX	GRA	Liten
42_10	42	10	1	7323062	642472	25ISV	JÖ	Intermed omr	SA	XX	GRA	Stor
43_1	43	1	2	7208148	599635	23HSV	JÖ	Instromr	SA	XX	GRA	
43_5	43	5	1	7209716	597611	23HSV	JÖ	Intermed omr	SA	XX	GRA	Stor
43_6	43	6	1	7210587	597492	23HSV	JÖ	Intermed omr	MN	XX	GRA	Liten
43_9	43	9	1	7213274	596839	23HSV	JÖ	Intermed omr	MN	XX	GRA	
43_4	43	4	1	7209472	598060	23HSV	JÖ	Intermed omr	GR	XX	GRA	
48_23	48	23	2	7143064	550509	21GNV	JÖ	Instromr	MN	XX	ASK	Liten
20_1	20	1	2	6634272	584256	11GNO	JÖ	Vatdelläge	SA	XX	GRA	Stor
20_2	20	2	1	6635655	583000	11GNO	JÖ	Vatdelläge	GR	XX	GRA	
21_2	21	2	2	6615725	649130	11ISV	JS	Vatdelläge	MN	LV	GRA	Liten
23_2	23	2	1	6668072	605027	12HSV	JÖ	Instromr	SA	XX	GRA	
23_4	23	4	2	6666947	604022	12HSV	JÖ	Instromr	GR	XX	GRA	
23_20	23	20	2	6661341	604629	12HSV	JÖ	Instromr	GR	LV	GRA	Stor
23_23	23	23	2	6667195	606414	12HSV	BÖ	Instromr	XX	XX	GRA	Liten
23_29	23	29	1	6667656	604698	12HSV	JÖ	Instromr	GR	XX	GRA	
23_32	23	32	2	6666196	602990	12HSV	JÖ	Instromr	MN		GRA	
23_33	23	33	2	6667524	601134	12HSV	JÖ	Instromr	MN		GRA	
23_21	23	21	2	6661290	604660	12HSV	JÖ	Instromr	SA	XX	GRA	Liten
23_24	23	24	3	6665381	604972	12HSV	BÖ	Instromr	SA	XX	GRA	
24_1	24	1	1	6804626	588719	15GSO	JÖ	Instromr	SA	XX	GRA	
24_6	24	6	1	6808198	584525	15GSO	JÖ	Instromr	SA	XX	GRA	Stor
24_9	24	9	1	6805144	585263	15GSO	JÖ		MN		GRA	
24_8	24	8	2	6805247	585511	15GSO	JÖ	Instromr	MN		GRA	Liten
26_2	26	2	1	6956958	563930	18GSV	JÖ	Instromr	MN	XX	GRA	
26_6	26	6	1	6954207	563855	18GSV	JÖ	Vatdelläge	MN	XX	GRA	
1_4	1	4	1	6142547	375416	01CNV	JÖ	Vatdelläge	ML	XX	KST	Liten
1_5	1	5	2	6145562	373556	01CNV	JÖ	Vatdelläge	ML	XX	KST	
1_6	1	6	1	6153983	373601	02CSV	BS	Instromr	ML	XX	KST	
1_7	1	7	1	6155868	373520	02CSV	BS	Instromr	ML	XX	KST	
1_8	1	8	1	6157332	373887	02CSV	BS	Instromr	ML	XX	KST	
3_2	3	2	1	6202394	444497	03DSO	JÖ	Instromr	SA	MN	KST	
3_3	3	3	1	6202400	444243	03DSO	JÖ	Instromr	SA	MN	KST	Stor
3_4	3	4	1	6202223	444236	03DSO	JÖ	Vatdelläge	SA	MN	KST	
3_25	3	25	1	6215807	433785	03DSO	BS	Instromr	SA	MN	SST	
3_26	3	26	1	6215794	433804	03DSO	JÖ	Instromr	SA	MN	KST	
3_1	3	1	2	6202432	444909	03DSO	JÖ	Instromr	SA	XX	KST	Liten
4_3	4	3	3	6280641	457352	04ENV	JÖ	Instromr	SA	XX	GNE	
4_9	4	9	1	6280947	457467	04ENV	JÖ	Instromr	MN	XX	GNE	
4_12	4	12	1	6280905	457614	04ENV	JÖ	Instromr	MN	XX	GNE	Liten
4_13	4	13	1	6279850	457028	04ENV	JÖ	Instromr	SA	XX	GNE	
4_4	4	4	1	6280551	457296	04ENV	JÖ	Instromr	MN	XX	GNE	
4_2	4	2	1	6280681	457402	04ENV	JÖ	Instromr	SA	XX	GNE	Stor
4_7	4	7	1	6280767	457267	04ENV	JÖ	Instromr	SA	XX	GNE	
4_10	4	10	1	6281032	457193	04ENV	JÖ	Instromr	SA	XX	GNE	
5_1	5	1	1	6273536	533361	04FNO	JÖ	Instromr	MN	XX	GRA	Liten
5_3	5	3	3	6273917	533843	04FNO	JÖ	Instromr	MN	XX	GRA	
5_4	5	4	2	6273720	533761	04FNO	JÖ	Utstromr	MN	XX	GRA	
6_24	6	24	1	6274215	566672	04GNV			GR			
6_25	6	25	1	6280711	562247	04GNV			GR			
8_2	8	2	3	6348602	703393	05JNV	BS	Instromr	ML	XX	MST	
8_3	8	3	1	6351195	708665	06JSV						
8_5	8	5	1	6354229	709009	06JSV						
8_4	8	4	1	6351983	707676	06JSV						
10_1	10	1	1	6377331	701816	06JNV	BS	Vatdelläge	ML	XX	MST	Liten
6_26	6	26	1	6278121	563027	04GNV			GR			
6_23	6	23	1	6273170	571383	04GSV			GR			Stor
7_3	7	3	1	6350060	620446	06HSV	JÖ	Vatdelläge	SA	GR	KST	
7_7	7	7	3	6351079	619974	06HSV	JÖ	Instromr	SA	GR	KST	
7_9	7	9	2	6350324	620685	06HSV	JÖ	Vatdelläge	SA	XX	KST	Stor
7_12	7	12	1	6350212	620530	06HSV	JÖ	Vatdelläge	SA	XX	KST	
7_13	7	13	1	6350211	620562	06HSV	BÖ	Vatdelläge	SA	XX	KST	
13_2	13	2	1	6337158	345368	05BNO	JS	Utstromr	GR	LE	GNE	Liten
13_5	13	5	1	6339979	346040	05BNO	JS	Utstromr	SA	LE	GNE	Stor
13_102	13	102	1	6327318	365228	05CNV	KÖ	Instromr	MN			Liten
13_103	13	103	1	6327518	365255	05CNV	KÖ	Instromr	MN			
13_101	13	101	2	6327116	364990	05CNV	BÖ	Vatdelläge	MN	XX	GNE	
14_3	14	3	1	6362456	417328	06DSV	JÖ	Instromr	SA	XX	GNE	
14_6	14	6	1	6361951	417110	06DSV	JÖ	Instromr	SA	XX	GNE	Stor
14_12	14	12	1	6364070	418684	06DSV	JS	Intermed omr	MN	TO	GNE	
14_13	14	13	5	6364065	418697	06DSV	BS	Intermed omr	MN	XX	GNE	
15_7	15	7	1	6434508	388926	07CNO	JÖ	Instromr	MN	XX	GNE	
15_8	15	8	1	6434527	388805	07CNO	JÖ	Instromr	MN	XX	GNE	Liten
15_9	15	9	2	6434261	389284	07CNO	JÖ	Intermed omr	GR	XX	GNE	
14_14	14	14	1	6364091	418728	06DSV	JS	Intermed omr	MN	SI	GNE	Liten
14_2	14	2	2	6362667	416889	06DSV	JÖ	Vatdelläge	SA	XX	GNE	
16_74	16	74	1	6515826	461746	09ESV	JÖ	Instromr	TO	XX	GRA	
16_94	16	94	2	6516169	462662	09ESV	JÖ	Instromr	MN	XX	GRA	
16_96	16	96	2	6516424	462716	09ESV	JÖ	Instromr	MN	XX	GRA	
16_93	16	93	2	6516388	462587	09ESV	JÖ	Vatdelläge	MN	XX	GRA	
16_90	16	90	2	6517465	459442	09ESV	JÖ	Vatdelläge	MN	XX	GRA	
16_67	16	67	2	6515099	459741	09ESV	BS	Intermed omr	MN	XX	GRA	
16_18	16	18	1	6508228	460343	09ESV	JÖ	Instromr	MN	XX	GRA	Liten
16_28	16	28	1	6509115	460771	09ESV	JÖ	Instromr	SA	XX	GRA	Stor
16_29	16	29	1	6516380	460560	09ESV	JÖ	Vatdelläge	MN	XX	GRA	
16_42	16	42	4	6510184	460012	09ESV	JÖ	Utstromr	MN	XX	GRA	
17_1	17	1	1	6545559	502589	09VNV	JÖ	Intermed omr	SA	XX	GRA	
17_6	17	6	1	6543289	501475	09FNV	JÖ	Instromr	SA	XX	GRA	Stor
17_7	17	7	1	6542744	501858	09FNV	JÖ	Instromr	SA	XX	GRA	
17_8	17	8	1	6541781	502794	09FNV	JÖ	Instromr	SA	XX	GRA	
17_9	17	9	1	6543579	500499	09FNV	JÖ	Vatdelläge	SA	XX	GRA	Liten
17_2	17	2	1	6545766	502427	09FNV	JÖ	Intermed omr	SA	XX	GRA	
18_1	18	1	1	6502565	596454	09GSO	JS	Intermed omr	MN	L	GNE	
18_3	18	3	1	6501572	596797	09HSV	JS	Intermed omr	SA	L	GNE	
18_4	18	4	2	6502946	596613	09GSO	JÖ	Intermed omr	MN	XX	GNE	Liten
18_5	18	5	1	6502793	595955	09GSO	JÖ	Intermed omr	MN	XX	GNE	
19_3	19	3	2	6608023	437064	11DSO	JÖ	Instromr	SA	XX	GNE	
19_9	19	9	1	6608251	436749	11DSO	JÖ	Instromr	SA	XX	GNE	Liten
19_11	19	11	3	6608447	436684	11DSO	JÖ	Instromr	SA	XX	GNE	
19_13	19	13	3	6609049	436735	11DSO	JÖ	Instromr	SA	XX	GNE	
19_14	19	14	1	6608098	436801	11DSO	JÖ	Instromr	SA	XX	GNE	
19_17	19	17	1	6607917	437081	11DSO	JÖ	Instromr	SA	XX	GNE	
19_18	19	18	1	6607985	436858	11DSO	JÖ	Instromr	SA	XX	GNE	Stor
19_5	19	5	2	6607900	437246	11DSO	JÖ	Instromr	SA	XX	GNE	
28_2	28	2	2	7021809	356192	19CNV	JÖ	M	MN	XX	SKI	
26	26	8	1	6954107	564057	18GSV	JÖ	M	MN	XX	GRA	
73	73	2	1	6606866	617767	11HSV	BÖ	I	MN	XX	GNE	
73_106	73	106	1	6630037	611912	11HSV						
73_113	73	113	1	6627081	614209	11HSV						
73_118	73	118	1	6623531	617979	11HSV						
73_125	73	125	1	6626369	615281	11HSV						
73_129	73	129	1	6608655	616335	11HSV						
73_135	73	135	1	6612871	617895	11HSV						
73_141	73	141	1	6612039	616992	11HSV						
73_146	73	146	1	6605205	626551	11HSV						
73_151	73	151	1	6605218	627178	11HSV						
73_157	73	157	1	6613288	628442	11HSV						
73_109	73	109	1	6629824	612127	11HSV						
73_122	73	122	1	6624614	617521	11HSV						
73_143	73	143	1	6610871	616330	11HSV						
73_153	73	153	1	6603634	626336	11HSV						
73_4	73	4	1	6604672	618424	11HSV	BÖ	I	MN	XX	GRA	
73_112	73	112	1	6628265	612889	11HSV						
73_121	73	121	1	6619600	618064	11HSV						
73_116	73	116	1	6625996	615803	11HSV						
73_117	73	117	1	6624037	617711	11HSV						
73_119	73	119	1	6622325	617827	11HSV						
73_120	73	120	1	6620424	617793	11HSV						
73_123	73	123	1	6618322	618020	11HSV						
73_124	73	124	1	6625539	616696	11HSV						
73_127	73	127	1	6609232	616176	11HSV						
73_128	73	128	1	6608163	616656	11HSV						
73_130	73	130	1	6612478	616108	11HSV						
73_131	73	131	1	6612223	616859	11HSV						
73_132	73	132	1	6612224	616513	11HSV						
73_133	73	133	1	6612505	616509	11HSV						
73_134	73	134	1	6612804	617493	11HSV						
73_136	73	136	1	6612946	618286	11HSV						
73_137	73	137	1	6612489	618429	11HSV						
73_138	73	138	1	6611246	616270	11HSV						
73_139	73	139	1	6610573	615887	11HSV						
73_140	73	140	1	6612428	616977	11HSV						
73_142	73	142	1	6611727	617897	11HSV						
73_144	73	144	1	6609905	616003	11HSV						
73_145	73	145	1	6605478	626659	11HSV						
73_147	73	147	1	6604862	626964	11HSV						
73_148	73	148	1	6605090	627012	11HSV						
73_149	73	149	1	6605302	626881	11HSV						
73_150	73	150	1	6605311	626869	11HSV						
73_152	73	152	1	6605301	626859	11HSV						
73_154	73	154	1	6603458	626136	11HSV						
73_155	73	155	1	6603691	626567	11HSV						
73_156	73	156	1	6603753	626290	11HSV						
73_158	73	158	1	6613564	628334	11HSV						
73_159	73	159	1	6612904	628649	11HSV						
73_160	73	160	1	6612614	626877	11HSV						
73_101	73	101	1	6631424	610714	11HSV						
73_102	73	102	1	6631004	610785	11HSV						
73_103	73	103	1	6630382	611464	11HSV						
73_104	73	104	1	6630139	611741	11HSV						
73_105	73	105	1	6630037	611912	11HSV						
73_107	73	107	1	6630030	612077	11HSV						
73_108	73	108	1	6629877	611941	11HSV						
73_110	73	110	1	6629660	612060	11HSV						
73_111	73	111	1	6628896	612192	11HSV						
73_114	73	114	1	6630058	611586	11HSV						
73_115	73	115	1	6629831	611374	11HSV						
74_3	74	3	1	6396773	421630	06DNV	JÖ	V	TO	XX	GNE	
74_7	74	7	1	6395351	421511	06DNV	JS	I	MN	TO	GNE	
74	74	4	1	6396780	421319	06DNV	JÖ	V	TO	XX	GNE	
74_5	74	5	1	6396781	421329	06DNV	JS	M	MN	TO	GNE	
74_6	74	6	1	6396673	421339	06DNV	JÖ	I	TO	XX	GNE	L
74_2	74	2	2	6396650	422294	06DNV	JÖ	I	TO	XX	GNE	
76_5	76	5	1	6968831	388147	18CSO	JÖ		MN	XX	GLS	
76_1	76	1	1	6960024	435157	18DSO	JÖ		MN	XX	KVT	
76_4	76	4	1	6969008	404637	18DSV	JÖ		MN	XX	GLS	
76_3	76	3	1	6969608	418234	18DSO	JÖ		MN	XX	KVT	
76_2	76	2	1	6965522	429590	18DSO	JÖ		MN	XX	KVT	
77_1	77	1	1	6927727	488770	17ENO	JÖ		MN	XX	GRA	
77_4	77	4	1	6929307	476785	17ENO	JÖ		MN	XX	GRA	
77_3	77	3	1	6940422	470368	17ENO	JÖ		MN	XX	GRA	
77_2	77	2	1	6929307	476785	17ENO	JÖ		MN	XX	GRA	
78_1	78	1	1	6920297	523821	17FSO	JÖ		MN	XX	GNE	
78_2	78	2	1	6917987	521360	17FSO	JÖ		MN	XX	GNE	
78_6	78	6	1	6918273	507411	17FSV	JÖ		MN	XX	GNE	
78_4	78	4	1	6919285	514836	17FSV	JÖ		MN	XX	GNE	
78_5	78	5	1	6916598	511801	17FSV	JÖ		MN	XX	GNE	
78_3	78	3	1	6918527	518205	17FSV	JÖ		MN	XX	GNE	
79_5	79	5	1	7024278	397846	19CNO			MN	XX	FJÄ	
79_1	79	1	1	7029843	407202	19DNV	JÖ		MN	XX	FJÄ	
79_4	79	4	1	7027657	384390	19CNO	JÖ		MN	XX	FJÄ	
79_3	79	3	1	7039436	391049	19DNV	JÖ		MN	XX	FJÄ	
79_2	79	2	1	7032520	401491	19DNV	JÖ		MN	XX	FJÄ	
80_103	80	103	1	7074163	373888	20CNO	JÖ	M	TO	XX	FYL	
80_7	80	7	1	7054373	408063	20DSV	JÖ		MN	XX	FJÄ	
80_102	80	102	1	7074153	373918	20CNO	JÖ	I	TO	XX	FYL	
80_104	80	104	1	7074173	373888	20CNO	JÖ	M	MN	TO	FYL	
80	80	6	1	7056842	407212	20DSV	JÖ		MN	XX	FJÄ	
80_5	80	5	1	7060341	404139	20DSV	JÖ		MN	XX	FJÄ	
81_2	81	2	1	7235702	590847	23HNV	JÖ		MN	XX	GRA	
81_3	81	3	1	7239927	585044	23GNO	JÖ		MN	XX	GRA	
81_1	81	1	1	7225606	598774	23HNV	JÖ		MN	XX	GRA	
81_5	81	5	1	7249451	571526	24GSO	JÖ		MN	XX	KVT	
81_6	81	6	1	7255487	558802	24GSV	JÖ	I	MN	XX		
81_4	81	4	1	7245092	578480	23GNO	JÖ		MN	XX	KVT	
82_1	82	1	1	7264192	528200	24FSO	JÖ		MN	XX	AMF	
82_2	82	2	1	7264616	522247	24FSO	JÖ		MN	XX	AMF	
82	82	6	1	7272686	508398	24FNV	JÖ		MN	XX	FYL	
82_5	82	5	1	7270589	512473	24FSO	JÖ		MN	XX	FYL	
82_3	82	3	1	7269974	519129	24FSO	JÖ		MN	XX	AMF	
83_1	83	1	1	7310968	500209	25FSV	JÖ		MN	XX	GLS	
83_4	83	4	1	7316799	502783	25FSV	JÖ		MN	XX	AMF	
83_3	83	3	1	7315536	501750	25FSV	JÖ		MN	XX	GLS	
84_19	84	19	1	6374886	549837	06GNV						
84_43	84	43	1	6406379	544165	07FSO	JÖ	I	MN	XX	GNE	
85_16	85	16	1	6294934	377804	04CNO	JÖ		GR			
85_12	85	12	1	6294836	377155	04CNO	JÖ		GR			
85_15	85	15	1	6294817	377235	04CNO	JÖ		GR			
85_11	85	11	1	6295681	377645	04CNO	JÖ	I	GR			
85_13	85	13	1	6295009	377413	04CNO	JÖ		GR			
85_14	85	14	1	6294678	377307	04CNO	JÖ		GR			
86_1	86	1	1	6188795	375579	02CNO	JÖ	I	SA			
86_3	86	3	1	6206480	364998	03CSV	BX	I	MN	ML	LST	
86_2	86	2	1	6188782	375567	02CNO	BS	I	ML	SA	KST	
89_1	89	1	3	6609355	524329	11FSO	JÖ	U	MN	TO	GRA	
90_2	90	2	1	6634364	650037	11INV	JÖ	I	MN	XX	GRA	L
90_3	90	3	1	6634276	649974	11INV	JÖ	I	MN	XX	GRA	
90_1	90	1	1	6634277	650004	11INV	JÖ	I	MN	XX	GRA	
91_102	91	102	1	7303430	687808	25JSV	JÖ	I	MN	TO	POR	
91_109	91	109	1	7302181	687054	25JSV	JÖ	I	SA	XX	POR	
91_101	91	101	1	7303450	687818	25JSV	JÖ	I	MN	TO	POR	
91_103	91	103	1	7303430	687808	25JSV	JÖ	I	MN	TO	POR	
91_108	91	108	1	7302170	687014	25JSV	JÖ	I	SA	XX	POR	
91_106	91	106	1	7302137	686969	25JSV	JÖ	I	SA	XX	POR	L
91_107	91	107	1	7302170	687014	25JSV	JÖ	I	SA	XX	POR	
91	91	104	1	7303420	687798	25JSV	JÖ	I	MN	TO	POR	
92_3	92	3	1	6746991	398357	14DSV	JÖ	I	MN		GRA	
92_1	92	1	1	6746950	398298	14DSV	JÖ	U	MN		GRA	L
92_5	92	5	1	6745901	397847	14DSV	JÖ	I	GR			S
92_4	92	4	1	6747011	398357	14DSV	JÖ	I	MN		GRA	
92_2	92	2	1	6746960	398318	14DSV	JÖ	U	MN		GRA	L
94_3	94	3	1	6218710	361541	03CSV	JÖ	U	SA			
94_2	94	2	1	6218629	361208	03CSV	JÖ	U	SA			
94_1	94	1	1	6218352	361181	03CSV	JÖ	I	ML	XX		
95_1	95	1	1	6631572	656187	11INV	JS	U	MN	L		L
100_1	100	1	1	6400752	333543	07BSO	JÖ	I	MN		GRO	
100	100	3	1	6400805	333541	07BSO	JÖ	I	MN		GRO	L
100_2	100	2	1	6400806	333529	07BSO	JÖ	I	MN		GRO	L
200_1	200	1	1	6257207	395209	04CSO	JÖ	I	MN		GRA	
200	200	2	1	6256650	395152	04CSO	JÖ	I	MN		GRA	L
300_1	300	1	1	6193453	422171	02DNV	JÖ	I	MN		GNE	
300	300	2	1	6193424	422188	02DNV	JÖ	I	MN		GNE	L
800_1	800	1	1	6437406	480317	07ENO	JÖ	I	MN		GRA	
810_1	810	1	1	6427532	501466	07FNV	JÖ	I	MN			L
810_2	810	2	1	6427526	501420	07FNV	JÖ	I	MN			L
900_1	900	1	1	6328394	509696	05FNV	JÖ	I	MN		GRA	L
1000_2	1000	2	2	6464886	582975	08GSO	JÖ	I	MN		GGR	L
1110_3	1110	3	1	6512702	588683	09GSO	JÖ	U	MN	XX	GRA	L
1110_2	1110	2	1	6512702	588682	09GSO	JÖ	U	MN	XX	GRA	L
1110_1	1110	1	1	6513597	587794	09GSO	JÖ	I	MN			L
1300_1	1300	1	1	6759284	489639	14ESO	JÖ	I	MN		GRA	L
1300_2	1300	2	1	6759284	489640	14ESO	JÖ	I	MN		GRA	L
1400	1400	1	1	6809735	548954	15GSV	JÖ	I	MN		GRA	L
1400_2	1400	2	1	6809735	548946	15GSV	JÖ	I	MN		GRA	L
1500_1	1500	1	1	6787079	419161	14DNO	JÖ	I	MN		SST	L
1500_2	1500	2	1	6787079	419162	14DNO	JÖ	I	MN		SST	L
1510_1	1510	1	1	6738364	434982	13DNO	JÖ	I	MN		DIA	L
1510	1510	2	1	6738364	434983	13DNO	JÖ	I	MN		DIA	L
1600_2	1600	2	1	6932586	407291	17DNV	JÖ	I	MN		GNE	L
1600_1	1600	1	1	6932586	407290	17DNV	JÖ	I	MN		GNE	L
1710_1	1710	1	1	6956115	524432	18FSO	JÖ	I	MN		FJÄ	L
1710_2	1710	2	1	6956115	524433	18FSO	JÖ	I	MN		FJÄ	L
1720_1	1720	1	1	7041117	651273	19INV	JÖ	I	MN		GRA	L
1720_2	1720	2	1	7041117	651274	19INV	JÖ	I	MN		GRA	L
1730_1	1730	1	1	7103012	760728	21KSV	JÖ	I	MN		GNE	L
1730_2	1730	2	1	7103012	760729	21KSV	JÖ	I	MN		GNE	L
1800_1	1800	1	1	7018894	469225	19ESO	JÖ	I	MN		SKI	L
1800	1800	2	1	7018894	469226	19ESO	JÖ	I	MN		SKI	L
1900_1	1900	1	1	7188128	461600	22ENV	JÖ	I	MN		FYL	L
1900_2	1900	2	1	7188128	461601	22ENV	JÖ	I	MN		FYL	L
2000_1	2000	1	1	7169225	602416	22HSV	JÖ	I	MN		GRA	L
2000_2	2000	2	1	7169225	602417	22HSV	JÖ	I	MN		GRA	L
2100_2	2100	2	1	7412361	771181	27KSO	JÖ	I	MN		GRA	L
2100_1	2100	1	1	7412432	771180	27KSO	JÖ	I	MN		GRA	L
2300_1	2300	1	1	6549607	527022	10FSO	JÖ	I	MN		GGR	
2300_2	2300	2	1	6549619	527000	10FSO	JÖ	I	MN		GGR	L
2510_1	2510	1	1	6692175	666106	12INV	JÖ	I	MN		GAB	L
2600_1	2600	1	1	7273538	508713	24FNV	JÖ	I	MN		FYL	L
2600_2	2600	2	1	7273538	508714	24FNV	JÖ	I	MN		FYL	L
5700_31	5700	31	1	7084947	652753	20INV	JÖ	I	MN		GRA	
5700_41	5700	41	1	7084832	652946	20INV						
5700_40	5700	40	1	7084962	652768	20INV	JÖ	I	MN		GRA	
5700_32	5700	32	1	7084947	652754	20INV	JÖ	I	MN		GRA	
5700_23	5700	23	1	7084934	652740	20INV	JÖ	I	MN		GRA	
5700_22	5700	22	1	7084934	652739	20INV	JÖ	I	MN		GRA	
5700_21	5700	21	1	7084934	652738	20INV	JÖ	I	MN		GRA	
5700_12	5700	12	1	7084920	652725	20INV	JÖ	I	MN		GRA	
6700_11	6700	11	1	6623997	494953	11ENO	JÖ	I	MN		GRA	
6700_31	6700	31	1	6624027	494982	11ENO	JÖ	U	MN		GRA	
6700_51	6700	51	1	6623904	494815	11ENO	JÖ	U	MN	TO	GRA	
6700_61	6700	61	1	6623937	494774	11ENO	JÖ	U	MN	TO	GRA	
6700_32	6700	32	1	6624027	494983	11ENO	JÖ	U	MN		GRA	
6700_22	6700	22	1	6624015	494966	11ENO	JÖ	I	MN		GRA	
6700_21	6700	21	1	6624015	494965	11ENO	JÖ	I	MN		GRA	
6700_12	6700	12	1	6623997	494954	11ENO	JÖ	I	MN		GRA	
6700_71	6700	71	1	6624038	494836	11ENO	JÖ	U	MN	TO	GRA	
7700_21	7700	21	1	6330250	473034	05ENV	JÖ	I	MN			
7700_12	7700	12	1	6330240	473037	05ENV	JÖ	I	MN			
7700_11	7700	11	1	6330240	473036	05ENV	JÖ	I	MN			
7700_51	7700	51	1	6330264	472988	05ENV	JÖ	U	MN		GRA	
7700_53	7700	53	1	6330084	472945	05ENV	JÖ	U	MN	TO	GRA	
7700_52	7700	52	1	6330171	472972	05ENV	JÖ	U	MN		GRA	
7700_31	7700	31	1	6330260	473034	05ENV	JÖ	U	MN			
7700_22	7700	22	1	6330250	473035	05ENV	JÖ	I	MN			
7700_32	7700	32	1	6330260	473035	05ENV	JÖ	U	MN			
49	49	40	1	7183747	545109	22GNV	JÖ	I	MN	SA	KVT	
49_41	49	41	1	7186549	547754	22GNV	JÖ	I	MN	XX	KVT	
49_45	49	45	1	7198973	541081	23GSV	JÖ	I	MN	XX	GRÖ	
49_46	49	46	1	7201418	533334	23FSO	JÖ	I	MN	XX	KVT	
49_48	49	48	1	7206839	513343	23FSO	JÖ	I	MN		GLS	
49_47	49	47	1	7203963	520385	23FSO	JS	I	MN	TO	GLS	
50_1	50	1	1	6752321	466314	14ESV	JÖ	I	MN	XX	POR	
50_3	50	3	1	6752600	466313	14ESV	JÖ	I	MN	XX	POR	
50_4	50	4	1	6752740	466305	14ESV	JÖ	I	MN	XX	POR	
50_5	50	5	1	6749005	463831	14ESV	JÖ	I	GR	XX	POR	
50_7	50	7	2	6750776	465705	14ESV	JÖ	I	MN	XX	POR	
50_9	50	9	1	6751502	466273	14ESV	JÖ	I	MN	XX	POR	
50	50	10	1	6751464	466286	14ESV	JÖ	I	MN	XX	POR	
51_1	51	1	2	6146261	401867	01DNV	JÖ	I	ML	XX	KST	
51_2	51	2	2	6147078	401785	02DSV	JS	V	SA	LE	KST	
51_3	51	3	2	6147103	401769	02DSV	JÖ	V	SA	XX	KST	
51_5	51	5	2	6147159	402248	02DSV	JÖ	V	ML	XX	KST	
51_6	51	6	2	6146298	401890	01DNV	JÖ	M	ML	XX	KST	
51	51	7	2	6146311	401895	01DNV	JÖ	M	ML	XX	KST	
51_8	51	8	2	6147098	402050	02DSV	JÖ	V	ML	XX	KST	
51_9	51	9	2	6147105	402057	02DSV	JÖ	V	ML	XX	KST	
51_4	51	4	2	6147174	402238	02DSV	JÖ	V	ML	XX	KST	
52_1	52	1	1	6383671	321354	06BNV	JÖ	I	SA	XX	GNE	
52_3	52	3	1	6383184	322658	06BNV	JS	M	MN	LE	GNE	
52_4	52	4	1	6382806	322884	06BNV	JS	M	MN	LE	GNE	
52_5	52	5	1	6382173	323067	06BNV	JÖ	I	MN	XX	GNE	
52	52	6	1	6381776	322596	06BNV	JÖ	I	SA	XX	GNE	
52_7	52	7	1	6381635	321876	06BNV	JS	U	MN	LE	GNE	
52_10	52	10	1	6381105	321462	06BNV	JS	U	MN	LE	GNE	
53_2	53	2	1	6413674	312823	07BSV	JS	M	MN	LE	GNE	
65_7	65	7	3	6478283	551881	08GNV	JS	I	MN	LV	GNE	L
65_3	65	3	1	6479019	548700	08GNV	JS	I	MN	LV	GRA	
65	65	4	1	6476999	548646	08GNV	JS	I	MN	LV	GRA	
65_10	65	10	1	6474390	549264	08GNV	JÖ	I	SA	XX	GRA	
65_9	65	9	3	6480953	552201	08GNV	BS	I	MN	XX	GNE	
66_2	66	2	1	6427061	533906	07FNO	JÖ	I	MN	XX	GRA	
67_1	67	1	2	6466553	383202	08CSO	JS	M	LE	XX	GRA	
67_3	67	3	1	6466481	383249	08CSO	JS	M	LE	XX	GRA	
67_4	67	4	1	6466454	383272	08CSO	JS	M	LE	XX	GRA	
67_2	67	2	2	6466520	383225	08CSO	JS	M	LE	XX	GRA	
68_1	68	1	1	6865219	457067	16ESV	JÖ	V	SA	XX	GRA	
68_6	68	6	1	6874486	463725	16ENV	JÖ	I	MN	SA	GRA	
69_4	69	4	3	6477748	295553	08ANO	JS	I	LE	XX	GRA	
69_1	69	1	3	6476506	295226	08ANO	BS	U	LE	XX	GRA	L
69	69	5	1	6478103	294816	08ANO	BÖ	I	XX	XX	GRA	
69_10	69	10	1	6469502	296676	08ASO	JÖ	I	SA	XX	GRA	L
70_6	70	6	1	6522151	334952	09BNO	JÖ	I	SA	XX	GNE	
70_101	70	101	3	6543226	313075	09BNV	JÖ	I	GR		GNE	
72_15	72	15	1	6229611	524047	03FNV	JÖ	I	SA	XX	GNE	
72_2	72	2	1	6225091	520190	03FNV	JÖ	I	SA	XX	GNE	
72_18	72	18	1	6226600	521097	03FNV	JS	U	SA	LE	GNE	
72_17	72	17	1	6230179	524470	03FNV	JÖ	I	SA	XX	GNE	
72_1	72	1	1	6225091	520171	03FNV	JÖ	I	SA	XX	GNE	
72_4	72	4	1	6225066	520165	03FNV	JÖ	U	SA	SI	GNE	
72_5	72	5	1	6225109	520038	03FNV	JÖ	I	SA	SA	GNE	
72_11	72	11	1	6225603	520848	03FNV	JS	I	MN	LV	GNE	
72_12	72	12	1	6225596	520861	03FNV	JÖ	I	GR	XX	GNE	
72_13	72	13	1	6225653	520759	03FNV	JÖ	I	SA	XX	GNE	
72_14	72	14	1	6228713	523335	03FNV	JÖ	I	SA	XX	GNE	
72_16	72	16	1	6229758	524154	03FNV	JÖ	I	SA	XX	GNE	
72_23	72	23	2	6224971	520684	03FNV	JÖ	I	MN	XX	GNE	
53_4	53	4	1	6413199	311520	07BSV	JS	U	MN	LE	GNE	
53_8	53	8	1	6414313	310723	07BSV	JS	U	MN	LE	GNE	
53_9	53	9	1	6414224	309955	07BSV	JS	M	MN	LE	GNE	
53	53	10	1	6412858	311612	07BSV	JS	M	MN	LE	GNE	
53_101	53	101	2	6434778	324772	07BNO	BÖ	I	XX	XX	GNE	
53_102	53	102	3	6435130	324898	07BNO	JÖ	I	MN	XX	GNE	
54_2	54	2	1	6405358	346446	07BSO	JÖ	M	MN	XX	GNE	
54_4	54	4	1	6405957	347293	07BSO	JÖ	M	MN	SA	GNE	
54_7	54	7	1	6409176	347078	07BSO	JS	U	MN	TO	GNE	
54_11	54	11	1	6406603	348760	07CSV	JS	M	MN	TO	GNE	
54_12	54	12	1	6407481	349541	07CSV	JS	U	MN	TO	GNE	
54_101	54	101	1	6403085	347603	07BSO	JÖ	I	MN	XX	GNE	L
54_102	54	102	1	6403104	347641	07BSO	JÖ	I	MN	XX	GNE	
54_103	54	103	1	6403054	347587	07BSO	JÖ	I	MN	XX	GNE	L
54_104	54	104	1	6403104	347640	07BSO	JÖ	I	MN	XX	GNE	
54_15	54	15	1	6405280	349142	07CSV	JÖ	I	MN	XX	GNE	
54_13	54	13	1	6407586	350340	07CSV	JS	U	MN	TO	GNE	
55_2	55	2	1	6587968	684610	10INO	JS	M	MN	LV	GNE	
55_4	55	4	1	6587875	682166	10INO	JS	U	MN	LV	GNE	
55_6	55	6	1	6588704	680939	10INO	JÖ	I	MN	XX	GNE	
55_10	55	10	1	6591958	680411	10INO	JS	I	MN	LV	GRA	
55_15	55	15	1	6590650	682373	10INO	JS	I	MN	LV	GRÖ	
55_18	55	18	1	6589035	684116	10INO	JS	M	MN	LV	GRA	
55_19	55	19	1	6588793	683536	10INO	JS	I	MN	LV	GRA	
55	55	20	1	6589606	682544	10INO	JÖ	I	MN	XX	GRA	
55_50	55	50	1	6587994	684629	10INO	JX	M	LV	XX	GNE	
55_51	55	51	1	6587994	684623	10INO	JX	M	LV	XX	GNE	
55_52	55	52	1	6587994	684617	10INO	JX	M	LV	XX	GNE	
55_16	55	16	2	6591465	682103	10INO	JS	M	MN	LV	GRA	
55_23	55	23	1	6590992	680164	10INO	JÖ	I	MN	LV	GRA	
56_1	56	1	1	6552924	676527	10ISO	JS	M	MN	LV	GNE	
56_2	56	2	1	6553497	676960	10ISO	JS	M	MN	LV	GNE	
56_6	56	6	1	6553722	678234	10ISO	JS	M	MN	LV	GNE	
56_7	56	7	1	6553181	677781	10ISO	JS	M	MN	LV	GNE	
56_8	56	8	1	6552830	677467	10ISO	JS	M	MN	LV	GNE	
56_9	56	9	2	6552492	677260	10ISO	JS	M	MN	LV	GNE	
56_10	56	10	1	6552029	677048	10ISO	JS	M	MN	LV	GNE	
56_11	56	11	1	6551703	676695	10ISO	JS	M	MN	LV	GNE	
56_12	56	12	1	6552099	676280	10ISO	JS	M	MN	LV	GNE	
56_13	56	13	1	6551473	677109	10ISO	JS	U	MN	LV	GNE	
56_15	56	15	1	6551993	678089	10ISO	JS	M	MN	LV	GNE	
56_17	56	17	1	6552455	678777	10ISO	JS	U	MN	LV	GNE	
56_18	56	18	1	6552728	678210	10ISO	JS	M	MN	LV	GNE	
56_16	56	16	1	6553327	678757	10ISO	JS	M	MN	LV	GNE	
56_5	56	5	1	6554210	678262	10ISO	JS	M	MN	LV	GNE	
56_14	56	14	1	6551598	677673	10ISO	JS	M	MN	LV	GNE	
57	57	2	1	6571438	649688	10ISV	JS	M	MN	LV	GNE	
57_3	57	3	1	6571278	650588	10ISV	JS	U	MN	LV	GNE	
57_6	57	6	1	6570620	650117	10ISV	JS	M	MN	LV	GNE	
57_7	57	7	1	6570206	651398	10ISV	JS	M	MN	LV	GNE	
57_8	57	8	1	6571006	653403	10ISV	JÖ	I	MN	LV	GRA	
57_10	57	10	1	6570800	654569	10ISV	JS	I	MN	LV	GRA	
57_11	57	11	2	6569926	654697	10ISV	JS	U	MN	LV	GNE	
57_12	57	12	1	6568977	654090	10ISV	JS	U	MN	LV	GNE	
57_13	57	13	1	6568935	653215	10ISV	JS	I	MN	LV	GNE	
57_16	57	16	2	6569307	651491	10ISV	JS	M	MN	LV	GNE	
57_17	57	17	2	6569391	650352	10ISV	JS	M	MN	LV	GNE	
57_18	57	18	2	6568485	650840	10ISV	JS	M	MN	LV	GNE	
57_19	57	19	1	6571206	654030	10ISV	JS	M	MN	LV	GRA	
57_20	57	20	1	6573967	648494	10ISV	JÖ	I	MN	XX	GNE	
57_21	57	21	1	6573844	648370	10ISV	JÖ	I	MN	XX	GNE	
57_9	57	9	1	6570011	653509	10ISV	JS	M	MN	LV	GRA	
57_5	57	5	2	6570355	652413	10ISV	JS	U	MN	LV	GRA	
57_15	57	15	1	6568746	652390	10ISV	JS	M	MN	LV	GNE	
57_22	57	22	1	6573136	649225	10ISV	JÖ	I	MN	XX	GRA	
59_1	59	1	1	6535651	590018	09GNO	JÖ	I	MN	XX	GNE	
59_2	59	2	1	6535650	590056	09GNO	JÖ	I	MN	XX	GNE	
59_3	59	3	1	6535378	590072	09GNO	JÖ	M	LE	XX	GNE	
59	59	4	1	6535346	590079	09GNO	JS	M	LV	XX	GNE	
59_6	59	6	1	6535249	590173	09GNO	JS	M	MN	LV	GNE	
59_8	59	8	1	6535193	590161	09GNO	JÖ	M	LE	XX	GNE	
59_9	59	9	1	6535198	590148	09GNO	JS	M	LV	XX	GNE	
59_11	59	11	1	6535635	590003	09GNO	JÖ	I	MN	XX	GNE	
59_10	59	10	1	6535192	590142	09GNO	JS	M	MN	LV	GNE	
60_1	60	1	1	6475618	510626	08FNV	JS	M	LV	XX	GRÖ	
60_2	60	2	1	6475611	510614	08FNV	JS	M	LV	XX	GRÖ	
60_3	60	3	1	6475163	510697	08FNV	JS	M	LV	XX	GRÖ	
60_4	60	4	1	6475157	510697	08FNV	JS	M	LV	XX	GRÖ	
60_13	60	13	2	6474533	507975	08FNV	JÖ	I	L	XX	SST	
60	60	33	1	6478794	507545	08FNV	JÖ	I	SA	XX	LSK	
60_60	60	60	1	6477961	501062	08FNV	BS	I	SA	XX	SST	
60_61	60	61	1	6477942	501062	08FNV	BÖ	I	SA	XX	KST	
60_62	60	62	1	6477937	501081	08FNV	JÖ	I	SA	XX	KST	
61_314	61	314	1	6475506	498194	08FNV	JÖ	M	ML		LSK	
61_312	61	312	1	6475522	497859	08FNV	JÖ	I	ML		LSK	
61	61	313	1	6475506	498194	08FNV	JÖ	I	ML			
61_315	61	315	1	6475485	498084	08FNV	JÖ	I	ML		LSK	
61_316	61	316	1	6475744	498411	08FNV	JÖ	U	LE	TO	LSK	
61_317	61	317	1	6475744	498411	08FNV	JÖ	U	LE	TO	LSK	
61_311	61	311	1	6475485	498084	08FNV	JÖ	I	ML		LSK	
61_319	61	319	1	6472828	501185	08FNV	JÖ	U	LE		LSK	
61_1	61	1	1	6468827	495904	08ESO	JÖ	V	ML	XX	LSK	
61_2	61	2	1	6468834	495993	08ESO	JÖ	V	ML	XX	LSK	
61_3	61	3	1	6469062	495877	08ESO	JÖ	U	ML	XX	LSK	
61_318	61	318	1	6475744	498411	08FNV	JÖ	U	LE	TO	LSK	
62_5	62	5	1	7398911	709726	26INV	JÖ	I	SI	XX	SKI	
62_110	62	110	1	7408975	693466	27JSV	JÖ	I	MN	XX	GRA	
62_2	62	2	1	7397207	707046	26JNV	JÖ	I	MN	XX	GNE	
62	62	4	1	7398887	712497	26JNO	JÖ	I	MN	XX	GRA	
62_10	62	10	1	7409014	693554	27JSV	JÖ	I	MN	XX	GRA	
62_102	62	102	1	7397163	707037	26JNV	JÖ	I	MN	XX	GNE	
62_104	62	104	1	7398973	712473	26JNO	JÖ	I	MN	XX	GRA	
62_106	62	106	1	7402232	712450	27JSV	JÖ	I	MN	XX	GRA	
62_109	62	109	1	7408899	695287	27JSV	JÖ	I	MN	XX	GRA	
62_1	62	1	1	7396698	708372	26JNV	JÖ	I	MN	XX	GNE	
63	63	4	2	6465455	448067	08ESV	JÖ	I	LV	XX	GNE	
63_3	63	3	2	6465430	448035	08ESV	JÖ	I	LV	XX	GNE	
63_5	63	5	1	6465898	448124	08ESV	JS	I	MN	LV	GNE	
64_4	64	4	1	6489556	586671	08GNO	JS	I	MN	LV	GNE	
26_10	26	10	1	6954691	562097	18GSV	JÖ	V	SA	XX	GRA	
26_12	26	12	1	6949722	560346	18GSV	JÖ	V	MN	XX	GRA	
26_13	26	13	1	6949991	564103	18GSV	JÖ	I	MN	XX	GRA	
26_17	26	17	1	6952066	554434	18GSV	JÖ	V	MN	XX	GRA	
26_19	26	19	1	6954606	555279	18GSV	JÖ	U	MN	XX	GRA	
26_20	26	20	1	6956693	554459	18GSV	JÖ	I	MN	XX	GRA	
26_21	26	21	1	6950048	551910	18GSV	JÖ	I	MN	XX	GRA	
26_22	26	22	1	6954466	560047	18GSV	JÖ	I	MN	XX	GRA	
26_23	26	23	1	6956851	562586	18GSV	JÖ	V	MN	XX	GRA	
26_26	26	26	2	6956208	563352	18GSV	JÖ	I	MN	XX	GRA	
26_27	26	27	1	6955529	563443	18GSV	JÖ	I	MN	XX	GRA	
26_30	26	30	1	6954446	562613	18GSV	JS	I	MN	SI	GRA	
26_31	26	31	1	6951373	558816	18GSV	JÖ	I	GR	XX	GRA	
26_32	26	32	1	6952714	555049	18GSV	JÖ	I	MN	XX	GRA	
26_101	26	101	1	6902994	564904	17GSV	JS	U	MN	TO	GRA	
26_102	26	102	1	6902994	564904	17GSV	JS	U	MN	TO	GRA	
26_103	26	103	1	6902984	564894	17GSV	JS	U	MN	TO	GRA	
26_104	26	104	1	6902984	564894	17GSV	JS	U	MN	TO	GRA	
26_105	26	105	1	6902984	564894	17GSV	JS	U	MN	TO	GRA	
26_18	26	18	1	6954141	553284	18GSV	JÖ	I	MN	XX	GRA	
26_15	26	15	3	6951302	558859	18GSV	JÖ	I	SA	XX	GRA	
26_25	26	25	1	6957132	563079	18GSV	JÖ	I	MN	XX	GRA	
27_11	27	11	1	7017355	359231	19CSV	JÖ	I	SA	XX	KVT	
28_1	28	1	4	7022000	356266	19CNV	JÖ	V	MN	XX	SKI	
28_3	28	3	2	7021699	356079	19CNV	JÖ	M	MN	XX	SKI	
28_4	28	4	2	7021610	355934	19CNV	JÖ	M	MN	XX	SKI	
28_5	28	5	2	7021519	355789	19CNV	JÖ	M	MN	XX	SKI	
29_2	29	2	3	7021242	459262	19ESV	JÖ	I	SA	XX	ASK	
29	29	4	3	7020879	459114	19ESV	JÖ	I	SA	XX	ASK	
29_11	29	11	1	7021556	455242	19ESV	JX		MN		ASK	
29_7	29	7	1	7020254	459899	19ESV	JÖ	I	MN	XX	ASK	
30	30	2	1	6994142	601969	18HNV	JÖ	I	SA	XX	GNE	
30_4	30	4	1	6994347	602043	18HNV	JÖ	I	SA	XX	GNE	
31_1	31	1	3	6994001	641739	18INV	BS	I	MN	XX	GRA	
31_2	31	2	2	6994340	641436	18INV	BÖ	I	MN	XX	GRA	
31_3	31	3	2	6994768	641004	18INV	BÖ	I	XX	XX	GRA	
32_1	32	1	1	7092063	611874	20HNV	JÖ	I	SA	XX	GRA	
32_2	32	2	1	7092156	611922	20HNV	JÖ	I	S	XX	GRA	
32_3	32	3	1	7092155	611705	20HNV	JÖ	U	TO	XX	GRA	
32_4	32	4	1	7092318	611486	20HNV	JÖ	M	MN	XX	GRA	
32_6	32	6	1	7100598	611967	21HSV	JÖ	I	S	XX	GRA	
32_7	32	7	1	7100548	611959	21HSV	JÖ	I	S	XX	GRA	
32_8	32	8	1	7099980	611554	21HSV	JÖ	I	S	XX	GRA	
32_9	32	9	1	7101023	610664	21HSV	JÖ	I	S	XX	GRA	
32_11	32	11	1	7091610	611388	20HNV	JÖ	I	S	XX	GRA	
32_12	32	12	1	7100379	610273	21HSV	JÖ	U	TO	XX	GRA	
32_14	32	14	1	7100997	610652	21HSV	JÖ	V	S	XX	GRA	
32	32	15	1	7100129	609924	21HSV	JÖ	U	TO	XX	GRA	
32_17	32	17	1	7090724	613548	20HNV	JÖ	I	MN	XX	GRA	
32_19	32	19	1	7099972	609687	21HSV	JÖ	I	MN	XX	GRA	
32_25	32	25	1	7099779	609971	21HSV	JÖ	I	S	XX	GRA	
32_10	32	10	1	7100787	610961	21HSV	JÖ	V	S	XX	GRA	
32_13	32	13	1	7099756	610174	21HSV	JÖ	V	S	XX	GRA	
32_5	32	5	1	7092476	611248	20HNV	JÖ	I	S	XX	GRA	
33_1	33	1	1	7108234	768038	21KSO	JÖ	M	GR	XX	GNE	L
33_2	33	2	1	7108281	768158	21KSO	JÖ	I	GR	XX	GNE	
33_3	33	3	1	7108548	768704	21KSO	JÖ	I	SA	XX	GNE	
33_102	33	102	3	7134140	731485	21JNO	JÖ	I	MN	XX	GNE	L
34_2	34	2	1	7215049	777408	23KSO	JÖ	U	SA	XX	GRA	
34_3	34	3	1	7214973	777428	23KSO	JÖ	U	SA	XX	GRA	
34_5	34	5	2	7210899	783004	23KSO	JÖ	I	SA	XX	GRA	
34_7	34	7	2	7210870	783215	23KSO	JÖ	I	SA	XX	GRA	
34_8	34	8	1	7211110	783199	23KSO	JÖ	I	SA	XX	GRA	
34_11	34	11	1	7211066	783122	23KSO	JÖ	I	SA	XX	GRA	
34_1	34	1	1	7214898	777461	23KSO	JÖ	U	SA	XX	GRA	
34_9	34	9	1	7211160	783071	23KSO	JÖ	I	SA	XX	GRA	
35_1	35	1	1	7289202	825910	24LNO	JÖ	I	SA	XX	GRA	
35_3	35	3	1	7289509	827112	24LNO	JÖ	I	SA	XX	GRA	
35_4	35	4	1	7289486	827538	24LNO	JÖ	I	SA	XX	GRA	
35_6	35	6	1	7289868	826985	24LNO	JÖ	V	SA	XX	GRA	
35_7	35	7	1	7290608	827047	24LNO	JÖ	I	SA	XX	GRA	
36_1	36	1	1	7368075	782348	26KSO	JÖ	U	MN	XX	POR	
37_4	37	4	1	7382931	792012	25LNV	JÖ	I	GR	XX	GRA	
37_5	37	5	1	7386550	787278	26LNV	JÖ	I	MN	XX	GRA	
37_6	37	6	1	7395085	780452	26KNO	JÖ	M	MN	XX	GRA	
37_7	37	7	1	7400665	778739	26KNO	JÖ	I	MN	XX	GRA	
37_8	37	8	1	7405601	787778	27LSV	JÖ	I	MN	XX	GRA	
37_9	37	9	1	7398471	784717	26KNO	JÖ	I	SA	XX	GNE	
37_11	37	11	1	7391809	790435	26LNV	JÖ	V	MN	XX	GNE	
37_13	37	13	1	7387620	795225	26LNV	JÖ	V	MN	XX	GRA	
37_15	37	15	1	7381965	798369	26LNV	JÖ	I	SA	XX	GRA	
37_16	37	16	1	7383863	795482	26LNV	JÖ	I	MN	S	GRA	
37_17	37	17	1	7387118	792577	26LNV	JÖ	V	MN	XX	GRA	
37_20	37	20	1	7376518	806203	26LNV	JÖ	V	MN	XX	GRA	
37_21	37	21	1	7372835	807751	26LSV	JÖ	I	MN	XX	GRA	
37_23	37	23	1	7361070	809476	26LSV	JÖ	I	MN	XX	GRA	
37_24	37	24	1	7364953	812013	26LSO	JÖ	I	MN	XX	GRA	
37_28	37	28	1	7367880	802682	26LSV	JÖ	I	MN	SA	GRA	
37_29	37	29	1	7370905	797850	26LSV	JÖ	I	SA	XX	GRA	
37_30	37	30	1	7368985	794003	26LSV	JÖ	I	GR	XX	GRA	
37_31	37	31	1	7372995	792561	26LSV	JÖ	I	MN	XX	GRA	
37_35	37	35	1	7391777	790435	26LNV	JÖ	V	MN	XX	GNE	
37_36	37	36	1	7396889	785501	26LNV	JÖ	V	MN	XX	GNE	
37_37	37	37	1	7409134	773428	27KSO	JÖ	V	MN	XX	GRA	
37_39	37	39	3	7364729	814118	26LSO	JÖ	V	MN	XX	GRA	
37_43	37	43	1	7400618	778862	26KNO	JÖ	I	MN	XX	GRA	
37_51	37	51	1	7367830	802727	26LSV	JÖ	I	MN	SA	GRA	
37_52	37	52	1	7373002	792644	26LSV	JÖ	I	MN	XX	GRA	
37_57	37	57	1	7379101	803665	26LNV	JÖ	V	MN	XX	GRA	
37_41	37	41	1	7382906	792025	26LNV	JÖ	M	GR	XX	GRA	
37_44	37	44	1	7405588	787772	27LSV	JÖ	I	MN	XX	GRA	
37_47	37	47	1	7383831	795509	26LNV	JÖ	I	MN	S	GRA	
37_27	37	27	1	7356001	803614	26LSV	JÖ	I	MN	XX	POR	
37_40	37	40	2	7353943	812495	26LSO	JÖ	I	MN	XX	GRA	
37_38	37	38	3	7367738	807786	26LSV	JÖ	M	SA	XX	GRA	
37_3	37	3	1	7380061	797365	26LNV	JÖ	I	GR	XX	GRA	
37_33	37	33	3	7378557	795272	26LNV	JÖ	I	MN	XX	GRA	
37_42	37	42	1	7395052	780439	26KNO	JÖ	M	MN	XX	GRA	
38_5	38	5	2	7518460	754325	29KSV	JÖ	I	GR	XX	GRÖ	
38_8	38	8	2	7518017	754132	29KSV	JÖ	I	GR	XX	GRÖ	
38_11	38	11	1	7517941	753985	29KSV	JÖ	I	MN	XX	GRÖ	
38_2	38	2	2	7518231	754349	29KSV	JÖ	I	GR	XX	GRÖ	
38_4	38	4	2	7518383	754280	29KSV	JÖ	I	GR	XX	GRÖ	
38_12	38	12	1	7518488	754165	29KSV	JÖ		MN		KRI	
39_2	39	2	1	7586951	657317	30INV	JÖ	I	MN	XX	HSK	
39_6	39	6	3	7573892	657136	30ISV	BÖ	I	MN	XX	HSK	
39	39	9	2	7587057	656985	30INV	JÖ	I	MN	XX	HSK	
39_4	39	4	2	7587057	656985	30INV	JÖ	I	MN	XX	HSK	
40_1	40	1	1	6143803	364541	01CNV	JÖ	M	SA	XX	KST	
40_2	40	2	1	6143248	363692	01CNV	JÖ	M	SA	XX	KST	
40_3	40	3	3	6142266	363236	01CNV	JÖ	M	SA	XX	KST	
40_5	40	5	1	6140613	362574	01CNV	JÖ	M	SA	XX	KST	
40_4	40	4	1	6140917	362727	01CNV	JÖ	M	SA	XX	KST	
41_3	41	3	1	6139099	447988	01DNO	JÖ	I	SA	XX	LSK	
41_4	41	4	1	6140535	447403	01DNO	JÖ	I	SA	XX	LSK	
41_8	41	8	1	6138978	445253	01DNO	JÖ	I	SA	XX	LSK	
42_4	42	4	2	7323340	641589	25ISV	JÖ	M	SA	XX	GRA	
42	42	6	1	7322698	641154	25ISV	JÖ	I	MN	XX	GRA	
42_11	42	11	1	7323062	642485	25ISV	JÖ	M	SA	XX	GRA	
43_2	43	2	1	7209124	598968	23HSV	JÖ	U	SA	XX	GRA	
43	43	3	1	7209446	598048	23HSV	JÖ	M	GR	XX	GRA	
43_7	43	7	1	7210587	597492	23HSV	JÖ	M	MN	XX	GRA	
43_8	43	8	1	7211231	597339	23HSV	JÖ	V	MN	XX	GRA	
43_10	43	10	1	7214304	597616	23HSV	JÖ	I	MN	XX	GRA	
43_11	43	11	1	7215037	598120	23HSV	JÖ	I	MN	XX	GRA	
43_12	43	12	1	7217957	600138	23HSV	JÖ	M	GR	XX	GRA	
44_1	44	1	1	6160616	390241	02CSO	JS	I	SA	ML	KST	
44_3	44	3	1	6156321	390679	02CSO	BS	I	ML	XX	KST	
45_14	45	14	1	7135326	505230	21FNV	JS	M	MN	TO	GRA	
45_15	45	15	1	7135630	490949	21FNV	JÖ	I	MN	XX	GRA	
45_16	45	16	1	7140712	474150	21ENO	JÖ	I	MN	XX	FJÄ	
45_17	45	17	1	7149324	462833	22ESV	JÖ	I	MN	SA	FJÄ	
45_18	45	18	1	7159585	458586	22ESV	JÖ	V	MN	XX	FJÄ	
45_19	45	19	1	7159525	458616	22ESV	JÖ	V	MN	XX	FJÄ	
45_20	45	20	1	7182405	454391	22ENV	JS	M	MN	TO	FYL	
45_21	45	21	1	7188209	461621	22ENV	JÖ	M	MN	XX	FYL	
45_22	45	22	1	7199172	462716	23ESV	JÖ	I	MN	SA	FYL	
46	46	1	1	7130845	515296	21FNO	JÖ	I	MN	XX	LSK	
46_2	46	2	1	7137044	516789	21FNO	JÖ	I	MN	XX	LSK	
46_5	46	5	1	7140343	521560	21FNO	JÖ	M	MN	SI	LSK	
46_12	46	12	1	7118210	530955	21FSO	JÖ	I	MN	XX	KVT	
46_13	46	13	1	7129021	516998	21FNO	JÖ	M	MN	XX	LSK	
46_52	46	52	1	7137932	518020	21FNO	JÖ	M	MN	SA	LSK	
46_3	46	3	1	7137957	518007	21FNO	JÖ	M	MN	SA	LSK	
47_1	47	1	1	7157553	532998	22F1I	JÖ	U	MN	XX	LSK	L
47_6	47	6	1	7143838	525807	21FNO	JÖ	I	MN	XX	LSK	
47_8	47	8	1	7153662	528265	22FSO	JÖ	I	MN	XX	LSK	
47_9	47	9	1	7157712	532081	22FSO	JÖ	I	MN	XX	LSK	
47_32	47	32	1	7189460	502276	22FNV	JÖ	M	MN	XX	FJÄ	
48_10	48	10	1	7157928	537119	22FSO	JÖ	I	MN	XX	LSK	
48_11	48	11	1	7160395	540650	22GSV	JÖ	I	MN	XX	LSK	
48_24	48	24	1	7143051	550497	21GNV	JÖ	I	MN	XX	ASK	
48_25	48	25	1	7157276	542741	22GSV	JX	I	MN	TO	LSK	
48_27	48	27	1	7176338	524766	22FNO	JÖ	I	MN	XX	SST	
48_28	48	28	1	7176237	520929	22FNO	JÖ	M	MN	XX	SST	
48_29	48	29	1	7181387	515723	22FNO	JÖ	I	MN	SI	SST	
48_30	48	30	1	7187729	510776	22FNV	JÖ	I	MN	XX	GLS	
48_31	48	31	1	7190670	505038	22FNV	JÖ	M	MN	XX	GLS	
48_35	48	35	1	7175971	536543	22FNO	JÖ	I	MN	TO	KVT	
48_36	48	36	1	7179472	537429	22FNO	JÖ	I	MN	XX	SST	
48_37	48	37	1	7179459	537480	22FNO	JÖ	I	MN	XX	SST	
48_26	48	26	1	7164145	541586	22GSV	JÖ	I	MN	SA	KVT	
48_33	48	33	1	7169481	536239	22FSO	JÖ	M	MN	XX	LSK	
20_3	20	3	1	6636064	582737	11GNO	JÖ	V	SA	XX	GRA	
20_4	20	4	1	6636091	584036	11GNO	JÖ	M	MN	XX	GRA	
20_5	20	5	1	6633428	585459	11GNO	JÖ	V	SA	XX	GRA	
20_8	20	8	1	6634304	584212	11GNO	JÖ	V	SA	XX	GRA	
20_9	20	9	1	6633428	585472	11GNO	JÖ	V	SA	XX	GRA	
21_7	21	7	1	6614990	648431	11ISV	JS	V	MN	LV	GRA	
21_8	21	8	1	6614332	649110	11ISV	JS	U	SA	LV	GRA	
21_1	21	1	1	6615573	649108	11ISV	JS	I	MN	LV	GRA	
21_4	21	4	1	6616016	649117	11ISV	JS	I	MN	LV	GRA	
21_5	21	5	2	6615322	648672	11ISV	JS	I	MN	LV	GRA	
21_6	21	6	3	6615045	648528	11ISV	JS	V	MN	LV	GRA	
21_3	21	3	1	6615858	649146	11ISV	JS	V	MN	LV	GRA	
23_1	23	1	3	6668080	604926	12HSV	JÖ	I	SA	XX	GRA	
23_3	23	3	1	6664619	604341	12HSV	JÖ	I	GR	XX	GRA	
23_6	23	6	1	6666089	602912	12HSV	JÖ	M	MN	L	GRA	
23_7	23	7	2	6666196	602990	12HSV	JÖ	I	MN	XX	GRA	
23_9	23	9	1	6668276	606977	12HSV	JS	U	SA	TO	GRA	S
23_10	23	10	2	6669557	601414	12HSV	JÖ	I	SA	XX	GRA	
23_12	23	12	2	6667491	603583	12HSV	JÖ	U	SA	XX	GRA	
23_13	23	13	3	6658486	597986	12HSV	JS	I	MN	LE	GRA	
23_19	23	19	1	6668751	606772	12HSV	JÖ	I	SA	XX	GRA	
23_22	23	22	1	6663302	604625	12HSV	JÖ	I	GR	XX	GRA	
23_25	23	25	1	6665355	604978	12HSV	JÖ	I	SA	XX	GRA	
23_27	23	27	1	6668252	606557	12HSV	JÖ	I	SA	XX	GRA	
23_31	23	31	1	6665278	604482	12HSV	BÖ	I	GR	XX	GRA	
23_34	23	34	1	6669722	602722	12HSV	JÖ		MN		GRA	
23_5	23	5	1	6666107	603072	12HSV	JÖ	V	MN	XX	GRA	
23_18	23	18	1	6669382	607155	12HSV	JÖ	I	SA	XX	GRA	
24_2	24	2	1	6804051	589429	15GSO	JÖ	I	SA	XX	GRA	
24_4	24	4	3	6803255	590533	15GSO	JÖ	I	SA	XX	GRA	
25_1	25	1	1	6909862	614790	17HSV	JÖ	I	SA	XX	GNE	
25_2	25	2	1	6910027	614790	17HSV	JÖ	I	SA	XX	GNE	
25_3	25	3	1	6910110	614796	17HSV	JÖ	I	SA	XX	GNE	
25_4	25	4	1	6910097	614568	17HSV	JÖ	I	SA	XX	GNE	
25_5	25	5	1	6910152	614071	17HSV	JÖ	I	SA	XX	GNE	
25_7	25	7	1	6910136	615089	17HSV	JÖ	I	SA	XX	GNE	
25_10	25	10	1	6910146	614402	17HSV	JÖ	I	SA	XX	GNE	
25_11	25	11	1	6910032	614364	17HSV	JÖ	I	SA	XX	GNE	
25_12	25	12	1	6910051	614198	17HSV	JÖ	I	SA	XX	GNE	
25_13	25	13	1	6910198	614255	17HSV	JÖ	I	SA	XX	GNE	
25_14	25	14	1	6910112	614813	17HSV	JÖ	I	SA	XX	GNE	
25	25	15	1	6909998	614829	17HSV	JÖ	I	GR	XX	GNE	
25_16	25	16	1	6910080	614839	17HSV	JÖ	I	SA	XX	GNE	
25_17	25	17	1	6910036	614827	17HSV	JÖ	I	SA	XX	GNE	
25_20	25	20	1	6910019	614689	17HSV	JÖ	I	GR	XX	GNE	
25_9	25	9	1	6909957	614536	17HSV	JÖ	I	SA	XX	GNE	
26_3	26	3	1	6956197	563346	18GSV	JÖ	I	MN	XX	GRA	
26_4	26	4	1	6955515	563439	18GSV	JÖ	I	MN	XX	GRA	
1	1	3	2	6147709	374813	01CNV	JÖ	I	ML	XX	KST	
3_5	3	5	2	6204605	457540	03ESV	BS	I	MN	SA	KST	
3_12	3	12	1	6198154	456004	03ESV	BS		MN	SA	SST	
3_24	3	24	1	6216029	433716	03DSO	BS	I	SA	MN	SST	
3_32	3	32	1	6198494	455455	03ESV	BÖ	I	SA	XX	SST	
3_33	3	33	1	6198482	455467	03ESV	JÖ	I	SA	XX	SST	
3_34	3	34	1	6198482	455474	03ESV	BÖ	I	SA	XX	SST	
3_35	3	35	1	6198476	455467	03ESV	BÖ	I	MN	SA	SST	
3_36	3	36	1	6198482	455467	03ESV	JÖ	I	SA	XX	KST	
3	3	41	1	6213283	440848	03DSO	JÖ	I	SA	XX	KST	
3_42	3	42	1	6213271	440854	03DSO	JS	I	SA	XX	KST	
3_43	3	43	1	6213284	440873	03DSO	JS	U	LV	SA	KST	
3_44	3	44	1	6213278	440860	03DSO	JS	U	LV	SA	KST	
3_47	3	47	1	6213270	440848	03DSO	JS	U	LV	SA	KST	
3_46	3	46	1	6213289	440847	03DSO	JS	U	LV	SA	KST	
4_1	4	1	3	6280605	457409	04ENV	JÖ	U	SA	XX	GNE	
4_5	4	5	1	6280742	457378	04ENV	JÖ	U	SA	XX	GNE	
4_6	4	6	1	6280656	457280	04ENV	JÖ	U	SA	XX	GNE	
4_8	4	8	1	6280913	457272	04ENV	JÖ	I	SA	XX	GNE	
4_11	4	11	1	6280491	457431	04ENV	JÖ	U	SA	XX	GNE	
4	4	101	1	6280945	457467	04ENV	JÖ	I	MN	XX	GNE	
4_104	4	104	1	6280780	457401	04ENV	JÖ	I	SA	XX	GNE	
5_2	5	2	1	6273873	533107	04FNO	JÖ	U	MN	XX	GRA	
5_5	5	5	3	6273659	531280	04FNO	JÖ	V	MN	XX	GRA	
5_6	5	6	1	6273456	531609	04FNO	JÖ	I	MN	XX	GRA	
5_7	5	7	1	6273285	531615	04FNO	JÖ	I	MN	XX	GRA	
5_8	5	8	1	6277410	532564	04FNO	JÖ	I	MN	XX	GRA	
5_9	5	9	1	6277537	532551	04FNO	JÖ	I	MN	XX	GRA	
5_10	5	10	1	6277480	532463	04FNO	JÖ	I	MN	XX	GRA	
5_11	5	11	1	6277467	532551	04FNO	JÖ	I	MN	XX	GRA	
5_12	5	12	1	6276977	535184	04FNO	JÖ	U	MN	XX	GRA	
6_1	6	1	1	6274422	570930	04GNV	JÖ	U	SA	TO	SST	
6_2	6	2	1	6271825	569638	04GSV	JÖ	U	SA	XX	GRA	
6_4	6	4	1	6272292	571464	04GSV	JÖ	I	GR	XX	SST	
6_6	6	6	1	6271859	572799	04GSV	JÖ	U	GR	XX	SST	
6_7	6	7	1	6271841	572354	04GSV	JÖ	I	SA	XX	SST	
6_8	6	8	1	6271390	572964	04GSV	JÖ	I	SA	XX	SST	
6_9	6	9	1	6270933	572615	04GSV	JÖ	I	SA	XX	SST	
6_10	6	10	1	6273019	569804	04GSV	JÖ	I	SA	XX	GRA	
6_13	6	13	1	6273927	570516	04GNV	JS	U	SA	TO	SST	
6_14	6	14	1	6271993	572309	04GSV	JÖ	U	SA	XX	SST	
6_16	6	16	1	6275204	565503	04GNV	JÖ	I	SI	XX	GRA	
6_17	6	17	1	6274000	567903	04GNV	JÖ	V	SA	XX	GRA	
6_18	6	18	1	6281512	561291	04GNV	JÖ	I	SA	XX	GRA	
6_19	6	19	1	6279493	562292	04GNV	JÖ	I	GR	XX	GRA	
6_20	6	20	1	6278624	562431	04GNV	JÖ	I	GR	XX	GRA	
6_21	6	21	3	6277817	562837	04GNV	JÖ	I	GR	XX	GRA	
7_4	7	4	1	6350537	620293	06HSV	JÖ	I	GR	XX	KST	
7_10	7	10	1	6350585	620592	06HSV	JÖ	I	SA	XX	KST	
8_1	8	1	2	6348759	703327	05JNV	BS	I	ML	XX	MST	
11_1	11	1	1	6403587	718240	07JSV	BÖ	I	XX	XX	KST	
11_6	11	6	3	6398517	719231	06JNV	BÖ	V	XX	XX	KST	
11_8	11	8	6	6398393	718859	06JNV	BS	U	GR	XX	KST	
11	11	9	2	6398533	718888	06JNV	BÖ	I	XX	XX	KST	
11_10	11	10	2	6398579	718740	06JNV	BÖ	I	XX	XX	KST	
11_14	11	14	2	6396994	715299	06JNV	BÖ	I			KST	
6_3	6	3	1	6272689	572694	04GSV	JÖ	I	GR	XX	SST	
6_15	6	15	1	6271954	572173	04GSV	JÖ	U	GR	XX	SST	
7_1	7	1	1	6350567	620999	06HSV	JÖ	M	SA	XX	KST	
7_2	7	2	1	6349883	620991	06HSV	JÖ	V	SA	XX	KST	
7_5	7	5	1	6350297	620837	06HSV	JÖ	I	SA	XX	KST	
7_6	7	6	1	6350808	620404	06HSV	JÖ	I	SA	GR	KST	
7_8	7	8	1	6350237	620537	06HSV	JÖ	V	SA	XX	KST	
7_11	7	11	1	6349306	620809	06HSV	JÖ	M	SA	TO	KST	
11_18	11	18	1	6404352	719872	07JSV					KST	
11_28	11	28	1	6404455	720996	07JSV	BÖ	I			KST	
11_33	11	33	1	6403525	720308	07JSV	BÖ	I	XX	XX	KST	
11_39	11	39	1	6403232	720278	07JSV	BÖ	I			KST	
11_80	11	80	1	6403592	721936	07JSV	BÖ	I			KST	
11_82	11	82	1	6403505	719378	07JSV	BÖ	V			KST	
11_84	11	84	1	6403791	721477	07JSV	BÖ	I			KST	
11_85	11	85	1	6403241	721722	07JSV	BÖ	I			KST	
11_87	11	87	1	6402460	720608	07JSV	BÖ	I			KST	
11_93	11	93	1	6403267	720761	07JSV	BÖ	I			KST	
11_94	11	94	1	6403490	720906	07JSV	BÖ	I			KST	
11_95	11	95	1	6404551	720308	07JSV	BÖ	I			KST	
11_96	11	96	1	6404517	721784	07JSV	BÖ				KST	
11_98	11	98	1	6404500	721355	07JSV						
11_100	11	100	1	6404070	717212	07JSV	BÖ				KST	
11_124	11	124	1	6403383	719068	07JSV	BÖ	V			KST	
11_125	11	125	1	6403344	719017	07JSV	BÖ	V			KST	
11_126	11	126	1	6404177	717775	07JSV	BÖ	I	XX		KST	
11_127	11	127	1	6401960	718001	07JSV	BÖ	I	XX		KST	
11_128	11	128	1	6400604	718277	07JSV	BÖ	I	XX		KST	
11_129	11	129	1	6403490	720906	07JSV	BÖ	I			KST	
11_130	11	130	1	6403490	720906	07JSV	BÖ	I			KST	
11_194	11	194	1	6403490	720906	07JSV	BS	I			KST	
11_102	11	102	1	6402382	719342	07JSV	BS	U			KST	
11_86	11	86	1	6403386	720583	07JSV	BÖ	I			KST	
11_123	11	123	1	6406720	722063	07JSV	BX				KST	
13_3	13	3	1	6337951	345413	05BNO	JS	U	SA	LE	GNE	
13_4	13	4	1	6338746	345611	05BNO	JS	U	SA	LE	GNE	
13_107	13	107	1	6327136	365834	05CNV	JÖ	U	MN	TO	GNE	L
13_108	13	108	1	6327255	365808	05CNV	JÖ	I	MN	XX	GNE	
13	13	109	1	6327201	365859	05CNV	JÖ	I	MN	XX	GNE	
13_106	13	106	1	6327176	365879	05CNV	JÖ	I	MN	XX	GNE	
13_104	13	104	1	6327255	365808	05CNV	JÖ	V	MN	XX	GNE	
14_4	14	4	1	6361589	416897	06DSV	JÖ	I	SA	XX	GNE	
14_8	14	8	3	6361770	416244	06DSV	JÖ	I	SA	XX	GNE	
14_9	14	9	1	6363889	415649	06DSV	JÖ	I	SA	XX	GNE	
14	14	10	1	6362798	415449	06DSV	JÖ	I	SA	XX	GNE	
15	15	6	1	6434330	388839	07CNO	JÖ	I	SA	XX	GNE	
15_2	15	2	1	6434430	388654	07CNO	JÖ	I	SA	XX	GNE	
14_11	14	11	1	6363674	415661	06DSV	JÖ	I	SA	XX	GNE	
15_1	15	1	1	6434064	388726	07CNO	JÖ	M	GR	TO	GNE	
15_3	15	3	3	6434243	388979	07CNO	JÖ	M	GR	TO	GNE	
15_4	15	4	1	6434243	388998	07CNO	JÖ	I	GR	XX	GNE	
15_5	15	5	2	6434317	388833	07CNO	JÖ	M	GR	TO	GNE	
16_71	16	71	1	6517536	461772	09ESV	JÖ	U	MN	XX	GRA	L
16_72	16	72	1	6515506	459754	09ESV	JÖ	I	MN	XX	GRA	
16_73	16	73	1	6511024	458441	09ESV	JÖ	M	TO	XX	GRA	
16_91	16	91	1	6517457	459532	09ESV	JÖ	V	MN	XX	GRA	
16_95	16	95	2	6516508	462796	09ESV	JÖ	I	MN	XX	GRA	
16_101	16	101	1	6508350	478821	09ESO	JÖ	I	MN	TO	GRA	L
16	16	102	1	6508301	478786	09ESO	JÖ	M	MN	TO	GRA	L
16_103	16	103	1	6508301	478786	09ESO	JÖ	M	MN	TO	GRA	L
16_104	16	104	1	6508286	478785	09ESO	JÖ	M	MN	TO	GRA	L
16_106	16	106	1	6508280	478747	09ESO	JÖ	U	TO	XX	GRA	
16_107	16	107	1	6508381	478826	09ESO	JÖ	I	MN	TO	GRA	
16_108	16	108	1	6508300	478767	09ESO	JÖ	M	MN	TO	GRA	
16_110	16	110	1	6508141	478809	09ESO	JÖ	U	TO	XX	GRA	
16_111	16	111	1	6507792	478873	09ESO	JÖ	M	MN	XX	GRA	
16_112	16	112	1	6507782	478883	09ESO	JÖ	U	MN	TO	GRA	
16_120	16	120	1	6508381	478826	09ESO	JÖ	M	MN	TO	GRA	
16_40	16	40	1	6514023	462138	09ESV	JÖ	V	SA	XX	GRA	
16_45	16	45	1	6514978	461829	09ESV	JÖ	I	MN	XX	GRA	
16_55	16	55	1	6509991	459686	09ESV	JÖ	I	MN	XX	GRA	
16_15	16	15	1	6515112	459741	09ESV	JS	M	MN	XX	GRA	
16_30	16	30	1	6518212	460282	09ESV	JÖ	V	MN	XX	GRA	
16_38	16	38	1	6512088	461732	09ESV	JÖ	I	MN	XX	GRA	
16_50	16	50	3	6517022	459778	09ESV	JÖ	I	MN	XX	GRA	
16_1	16	1	1	6509966	459707	09ESV	JÖ	I	MN	XX	GRA	
16_4	16	4	1	6518350	460424	09ESV	JÖ	I	SA	XX	GRA	
16_6	16	6	1	6519926	461755	09ESV	JS	M	MN	TO	GRA	
16_10	16	10	1	6524897	460745	09ENV	JÖ	U	MN	XX	GRA	
16_11	16	11	1	6525133	461693	09ENV	JÖ	V	MN	XX	GRA	
16_12	16	12	1	6512050	459033	09ESV	JÖ	U	MN	XX	GRA	
16_13	16	13	1	6515129	459715	09ESV	JS	U	MN	L	GRA	
16_14	16	14	1	6515105	459735	09ESV	JS	U	MN	L	GRA	
16_16	16	16	1	6515080	459754	09ESV	JÖ	I	MN	XX	GRA	
16_17	16	17	1	6519566	460788	09ESV	JÖ	I	MN	XX	GRA	
16_19	16	19	1	6511919	461185	09ESV	JS	M	MN	TO	GRA	
16_20	16	20	1	6511870	459140	09ESV	JÖ	U	MN	XX	GRA	
16_21	16	21	1	6516453	460647	09ESV	JÖ	V	MN	XX	GRA	
16_22	16	22	1	6518388	460423	09ESV	JÖ	I	SA	XX	GRA	
16_23	16	23	1	6513066	462160	09ESV	JÖ	I	SA	XX	GRA	
16_25	16	25	5	6515142	459688	09ESV	JÖ	I	MN	XX	GRA	
16_32	16	32	1	6525108	461732	09ENV	JÖ	V	MN	XX	GRA	
16_33	16	33	1	6524675	460649	09ENV	JÖ	I	MN	XX	GRA	
16_34	16	34	1	6521171	460980	09ESV	JÖ	V	MN	XX	GRA	
16_35	16	35	3	6513728	460583	09ESV	JÖ	I	MN	XX	GRA	
16_36	16	36	1	6518654	460205	09ESV	JÖ	I	MN	XX	GRA	
16_37	16	37	1	6515339	460128	09ESV	JÖ	I	MN	XX	GRA	
16_39	16	39	1	6515706	459887	09ESV	JÖ	I	MN	XX	GRA	
16_41	16	41	1	6512065	458702	09ESV	JÖ	U	MN	XX	GRA	
16_43	16	43	2	6510489	460979	09ESV	JÖ	V	MN	XX	GRA	
16_44	16	44	3	6514912	459645	09ESV	JÖ	I	MN	XX	GRA	
16_46	16	46	1	6524832	460878	09ENV	JÖ	I	MN	XX	GRA	
16_47	16	47	1	6516648	460380	09ESV	JÖ	I	MN	XX	GRA	
16_48	16	48	1	6515225	460137	09ESV	JÖ	I	MN	XX	GRA	
16_49	16	49	1	6519118	459828	09ESV	JÖ	U	MN	XX	GRA	
16_52	16	52	1	6511402	460809	09ESV	JÖ	I	MN	XX	GRA	
16_57	16	57	1	6512914	460494	09ESV	JÖ	I	MN	XX	GRA	
16_58	16	58	1	6515028	460321	09ESV	JÖ	U	MN	XX	GRA	
16_59	16	59	1	6514944	459250	09ESV	JÖ	I	MN	XX	GRA	
16_60	16	60	1	6518492	459053	09ESV	JÖ	I	MN	XX	GRA	
16_61	16	61	1	6525281	461428	09ENV	JÖ	I	MN	XX	GRA	
16_62	16	62	1	6523352	459707	09ENV	JÖ	I	MN	XX	GRA	
16_63	16	63	1	6522575	460042	09ENV	JÖ	I	MN	XX	GRA	
16_64	16	64	1	6521310	459056	09ESV	JÖ	I	MN	XX	GRA	
16_65	16	65	1	6520362	459639	09ESV	JÖ	U	MN	XX	GRA	
16_66	16	66	1	6515085	459710	09ESV	JS	M	MN	L	GRA	
16_53	16	53	1	6513563	462043	09ESV	JÖ	I	MN	XX	GRA	
16_54	16	54	1	6514324	461804	09ESV	JÖ	U	MN	XX	GRA	
17_3	17	3	1	6544041	501234	09FNV	JÖ	I	SA	XX	GRA	
17_4	17	4	1	6543909	501713	09FNV	JÖ	I	SA	XX	GRA	
17_5	17	5	1	6543632	502333	09FNV	JÖ	V	SA	XX	GRA	
18_2	18	2	3	6502937	596359	09GSO	JS	M	MN	L	GNE	
19_4	19	4	1	6607997	436871	11DSO	JÖ	I	SA	XX	GNE	
19_8	19	8	1	6608211	437371	11DSO	JÖ	I	SA	XX	GNE	
19_12	19	12	3	6608618	436676	11DSO	JÖ	I	SA	XX	GNE	
19_16	19	16	1	6607859	436949	11DSO	JÖ	U	SA	XX	GNE	
19_19	19	19	1	6608211	437371	11DSO	JÖ	I	SA		GNE	
19_2	19	2	1	6607936	437082	11DSO	JÖ	I	SA	XX	GNE	
